Model,Period,Country,Purchase type,Version,Price,Gross Profit
Model S,201601,US,Deposit,75D AWD,75700,0,22407,3
Model S,201601,US,Cash purchase,75D AWD,75700,0,22407,3
Model S,201601,US,Cash purchase,75 RWD,70700,0,20927,3
Model S,201601,US,Cash purchase,75 RWD,70700,0,20927,3
Model S,201601,US,Cash purchase,75 RWD,70700,0,20927,3
Model S,201601,US,Cash purchase,75 RWD,70700,0,20927,3
Model S,201601,US,Cash purchase,75 RWD,70700,0,20927,3
Model S,201601,US,Cash purchase,75 RWD,70700,0,20927,3
Model S,201601,US,Cash purchase,75 RWD,70700,0,20927,3
Model S,201601,US,Cash purchase,75 RWD,70700,0,20927,3
Model S,201601,US,Cash purchase,75 RWD,70700,0,20927,3
Model S,201601,US,Deposit,75 RWD,70700,0,20927,3
Model S,201601,US,Deposit,75 RWD,70700,0,20927,3
Model S,201601,US,Deposit,75 RWD,70700,0,20927,3
Model S,201601,US,Deposit,75 RWD,70700,0,20927,3
Model S,201601,US,Deposit,75 RWD,70700,0,20927,3
Model S,201601,US,Deposit,75 RWD,70700,0,20927,3
Model S,201601,US,Cash purchase,75 RWD,70700,0,20927,3
Model S,201601,US,Cash purchase,75 RWD,70700,0,20927,3
Model S,201601,US,Cash purchase,75 RWD,70700,0,20927,3
Model S,201601,US,Cash purchase,75 RWD,70700,0,20927,3
Model S,201601,US,Cash purchase,75 RWD,70700,0,20927,3
Model S,201601,US,Cash purchase,75 RWD,70700,0,20927,3
Model S,201601,US,Cash purchase,75 RWD,70700,0,20927,3
Model S,201601,US,Cash purchase,75 RWD,70700,0,20927,3
Model S,201601,US,Cash purchase,75 RWD,70700,0,20927,3
Model S,201601,US,Deposit,90D AWD,88700,0,26255,3
Model S,201601,US,Deposit,75D AWD,75700,0,11577,2
Model S,201601,Germany,Cash purchase,75D AWD,75700,0,11577,2
Model S,201601,Germany,Cash purchase,90D AWD,88700,0,13565,4
Model S,201601,Germany,Cash purchase,60D AWD,74200,0,11347,8
Model S,201601,Germany,Deposit,60D AWD,74200,0,11347,8
Model S,201601,Germany,Deposit,90D AWD,88700,0,13565,4
Model S,201601,Germany,Deposit,75 RWD,70700,0,10812,6
Model S,201601,Germany,Cash purchase,75 RWD,70700,0,10812,6
Model S,201601,Germany,Cash purchase,75 RWD,70700,0,10812,6
Model S,201601,Germany,Cash purchase,75 RWD,70700,0,10812,6
Model S,201601,Germany,Cash purchase,75 RWD,70700,0,10812,6
Model S,201601,US,Deposit,75 RWD,70700,0,22152,0
Model S,201601,US,Deposit,75 RWD,70700,0,22152,0
Model S,201601,US,Deposit,75 RWD,70700,0,22152,0
Model S,201601,US,Cash purchase,75 RWD,70700,0,22152,0
Model S,201601,US,Cash purchase,75 RWD,70700,0,22152,0
Model S,201601,US,Cash purchase,75 RWD,70700,0,22152,0
Model S,201601,US,Deposit,75 RWD,70700,0,22152,0
Model S,201601,US,Deposit,75 RWD,70700,0,22152,0
Model S,201601,US,Deposit,75 RWD,70700,0,22152,0
Model S,201601,US,Cash purchase,75 RWD,70700,0,22152,0
Model S,201601,US,Cash purchase,75 RWD,70700,0,22152,0
Model S,201601,US,Cash purchase,75 RWD,70700,0,16855,6
Model S,201601,Germany,Deposit,75 RWD,70700,0,16855,6
Model S,201601,Germany,Deposit,90D AWD,88700,0,21147,0
Model S,201601,Germany,Cash purchase,60D AWD,74200,0,9194,6
Model S,201601,US,Deposit,60D AWD,74200,0,20820,2
Model S,201601,US,Cash purchase,60D AWD,74200,0,20820,2
Model S,201601,US,Cash purchase,60D AWD,74200,0,20820,2
Model S,201601,US,Cash purchase,60D AWD,74200,0,20820,2
Model S,201601,US,Cash purchase,60D AWD,74200,0,20820,2
Model S,201601,US,Cash purchase,60D AWD,74200,0,20820,2
Model S,201601,US,Cash purchase,60D AWD,74200,0,13305,3
Model S,201601,US,Deposit,60D AWD,74200,0,13305,3
Model S,201601,US,Deposit,60D AWD,74200,0,13305,3
Model S,201601,US,Deposit,60D AWD,74200,0,13305,3
Model S,201601,US,Deposit,60D AWD,74200,0,13305,3
Model S,201601,US,Cash purchase,60D AWD,74200,0,13305,3
Model S,201601,US,Cash purchase,60D AWD,74200,0,13305,3
Model S,201601,US,Cash purchase,60D AWD,74200,0,13305,3
Model S,201601,US,Cash purchase,60D AWD,74200,0,7198,0
Model S,201601,US,Deposit,60D AWD,74200,0,7198,0
Model S,201601,US,Deposit,60D AWD,74200,0,7198,0
Model S,201601,US,Deposit,60D AWD,74200,0,7198,0
Model S,201601,US,Deposit,60D AWD,74200,0,7198,0
Model S,201601,US,Deposit,60D AWD,74200,0,7198,0
Model S,201601,US,Deposit,60D AWD,74200,0,7198,0
Model S,201601,US,Deposit,60D AWD,74200,0,21963,3
Model S,201602,US,Deposit,60D AWD,74200,0,21963,3
Model S,201602,US,Deposit,60D AWD,74200,0,21963,3
Model S,201602,US,Deposit,60D AWD,74200,0,21963,3
Model S,201602,US,Deposit,75D AWD,75700,0,22407,3
Model S,201602,US,Cash purchase,75D AWD,75700,0,22407,3
Model S,201602,US,Cash purchase,75 RWD,70700,0,20927,3
Model S,201602,US,Cash purchase,75 RWD,70700,0,20927,3
Model S,201602,US,Cash purchase,75 RWD,70700,0,20927,3
Model S,201602,US,Cash purchase,75 RWD,70700,0,20927,3
Model S,201602,US,Cash purchase,75 RWD,70700,0,20927,3
Model S,201602,US,Cash purchase,75 RWD,70700,0,20927,3
Model S,201602,US,Cash purchase,75 RWD,70700,0,20927,3
Model S,201602,US,Cash purchase,75 RWD,70700,0,20927,3
Model S,201602,US,Cash purchase,75 RWD,70700,0,20927,3
Model S,201602,US,Deposit,75 RWD,70700,0,20927,3
Model S,201602,US,Deposit,75 RWD,70700,0,20927,3
Model S,201602,US,Deposit,75 RWD,70700,0,20927,3
Model S,201602,US,Deposit,75 RWD,70700,0,20927,3
Model S,201602,US,Deposit,75 RWD,70700,0,20927,3
Model S,201602,US,Deposit,75 RWD,70700,0,20927,3
Model S,201602,US,Cash purchase,75 RWD,70700,0,20927,3
Model S,201602,US,Cash purchase,75 RWD,70700,0,20927,3
Model S,201602,US,Cash purchase,75 RWD,70700,0,20927,3
Model S,201602,US,Cash purchase,75 RWD,70700,0,20927,3
Model S,201602,US,Cash purchase,75 RWD,70700,0,20927,3
Model S,201602,US,Cash purchase,75 RWD,70700,0,20927,3
Model S,201602,US,Cash purchase,75 RWD,70700,0,20927,3
Model S,201602,US,Cash purchase,75 RWD,70700,0,20927,3
Model S,201602,US,Cash purchase,75 RWD,70700,0,20927,3
Model S,201602,US,Deposit,90D AWD,88700,0,26255,3
Model S,201602,US,Deposit,60D AWD,74200,0,21963,3
Model S,201602,US,Deposit,60D AWD,74200,0,21963,3
Model S,201602,US,Deposit,60D AWD,74200,0,21963,3
Model S,201602,US,Deposit,60D AWD,74200,0,21963,3
Model S,201602,US,Deposit,60D AWD,74200,0,21963,3
Model S,201602,US,Deposit,60D AWD,74200,0,21963,3
Model S,201602,US,Deposit,60D AWD,74200,0,21963,3
Model S,201602,US,Deposit,60D AWD,74200,0,21963,3
Model S,201602,US,Deposit,60D AWD,74200,0,21963,3
Model S,201602,US,Deposit,60D AWD,74200,0,21963,3
Model S,201602,US,Deposit,60D AWD,74200,0,21963,3
Model S,201602,US,Deposit,60D AWD,74200,0,21963,3
Model S,201602,US,Deposit,60D AWD,74200,0,11347,8
Model S,201602,Germany,Deposit,90D AWD,88700,0,13565,4
Model S,201602,Germany,Cash purchase,90D AWD,88700,0,13565,4
Model S,201602,Germany,Cash purchase,75D AWD,75700,0,11577,2
Model S,201602,Germany,Cash purchase,60D AWD,74200,0,11347,8
Model S,201602,Germany,Deposit,60D AWD,74200,0,11347,8
Model S,201602,Germany,Deposit,60D AWD,74200,0,11347,8
Model S,201602,Germany,Deposit,90D AWD,88700,0,13565,4
Model S,201602,Germany,Deposit,90D AWD,88700,0,13565,4
Model S,201602,Germany,Cash purchase,75 RWD,70700,0,10812,6
Model S,201602,Germany,Cash purchase,75 RWD,70700,0,10812,6
Model S,201602,Germany,Cash purchase,75 RWD,70700,0,10812,6
Model S,201602,Germany,Cash purchase,75 RWD,70700,0,10812,6
Model S,201602,Germany,Cash purchase,75 RWD,70700,0,22152,0
Model S,201602,US,Deposit,75 RWD,70700,0,22152,0
Model S,201602,US,Deposit,75 RWD,70700,0,22152,0
Model S,201602,US,Deposit,75 RWD,70700,0,22152,0
Model S,201602,US,Cash purchase,75 RWD,70700,0,22152,0
Model S,201602,US,Cash purchase,75 RWD,70700,0,22152,0
Model S,201602,US,Cash purchase,75 RWD,70700,0,22152,0
Model S,201602,US,Deposit,75 RWD,70700,0,22152,0
Model S,201602,US,Deposit,75 RWD,70700,0,22152,0
Model S,201602,US,Deposit,75 RWD,70700,0,22152,0
Model S,201602,US,Cash purchase,75 RWD,70700,0,22152,0
Model S,201602,US,Cash purchase,75 RWD,70700,0,22152,0
Model S,201602,US,Cash purchase,75 RWD,70700,0,16855,6
Model S,201602,Germany,Deposit,75 RWD,70700,0,16855,6
Model S,201602,Germany,Cash purchase,75 RWD,70700,0,16855,6
Model S,201602,Germany,Cash purchase,90D AWD,88700,0,21147,0
Model S,201602,Germany,Cash purchase,60D AWD,74200,0,9194,6
Model S,201602,US,Deposit,90D AWD,88700,0,10991,4
Model S,201602,US,Deposit,90D AWD,88700,0,10991,4
Model S,201602,US,Deposit,75D AWD,75700,0,9380,5
Model S,201602,US,Deposit,75D AWD,75700,0,9380,5
Model S,201602,US,Deposit,75D AWD,75700,0,9380,5
Model S,201602,US,Deposit,75D AWD,75700,0,9380,5
Model S,201602,US,Deposit,75D AWD,75700,0,9380,5
Model S,201602,US,Deposit,75D AWD,75700,0,9380,5
Model S,201602,US,Cash purchase,75D AWD,75700,0,9380,5
Model S,201602,US,Cash purchase,75D AWD,75700,0,9380,5
Model S,201602,US,Cash purchase,75D AWD,75700,0,9380,5
Model S,201602,US,Cash purchase,75D AWD,75700,0,9380,5
Model S,201602,US,Cash purchase,75D AWD,75700,0,9380,5
Model S,201602,US,Cash purchase,90D AWD,88700,0,10991,4
Model S,201602,US,Cash purchase,90D AWD,88700,0,10991,4
Model S,201602,US,Cash purchase,75D AWD,75700,0,9380,5
Model S,201602,US,Cash purchase,75D AWD,75700,0,9380,5
Model S,201602,US,Cash purchase,75D AWD,75700,0,9380,5
Model S,201602,US,Cash purchase,75D AWD,75700,0,9380,5
Model S,201602,US,Cash purchase,75D AWD,75700,0,9380,5
Model S,201602,US,Cash purchase,75D AWD,75700,0,9380,5
Model S,201602,US,Cash purchase,75D AWD,75700,0,9380,5
Model S,201602,US,Cash purchase,90D AWD,88700,0,10991,4
Model S,201602,US,Deposit,90D AWD,88700,0,10991,4
Model S,201602,US,Deposit,90D AWD,88700,0,10991,4
Model S,201602,US,Deposit,75 RWD,70700,0,8760,9
Model S,201602,US,Deposit,75 RWD,70700,0,8760,9
Model S,201602,US,Deposit,75 RWD,70700,0,8760,9
Model S,201602,US,Deposit,75 RWD,70700,0,8760,9
Model S,201602,US,Deposit,75 RWD,70700,0,8760,9
Model S,201602,US,Deposit,75 RWD,70700,0,8760,9
Model S,201602,US,Deposit,75 RWD,70700,0,8760,9
Model S,201602,US,Deposit,75 RWD,70700,0,8760,9
Model S,201602,US,Deposit,75 RWD,70700,0,8760,9
Model S,201602,US,Cash purchase,75 RWD,70700,0,8760,9
Model S,201602,US,Cash purchase,75 RWD,70700,0,8760,9
Model S,201602,US,Cash purchase,75 RWD,70700,0,8760,9
Model S,201602,US,Cash purchase,75 RWD,70700,0,8760,9
Model S,201602,US,Cash purchase,75 RWD,70700,0,22273,7
Model S,201602,US,Deposit,75 RWD,70700,0,22273,7
Model S,201602,US,Deposit,75 RWD,70700,0,22273,7
Model S,201602,US,Deposit,75 RWD,70700,0,22273,7
Model S,201602,US,Deposit,75 RWD,70700,0,22273,7
Model S,201602,US,Deposit,75 RWD,70700,0,22273,7
Model S,201602,US,Cash purchase,75 RWD,70700,0,22273,7
Model S,201602,US,Cash purchase,75 RWD,70700,0,22273,7
Model S,201602,US,Cash purchase,75 RWD,70700,0,22273,7
Model S,201602,US,Cash purchase,75 RWD,70700,0,22273,7
Model S,201602,US,Cash purchase,75 RWD,70700,0,22273,7
Model S,201602,US,Cash purchase,75 RWD,70700,0,22273,7
Model S,201602,US,Cash purchase,75 RWD,70700,0,22273,7
Model S,201602,US,Deposit,75 RWD,70700,0,22273,7
Model S,201602,US,Deposit,75 RWD,70700,0,22273,7
Model S,201602,US,Deposit,75 RWD,70700,0,22273,7
Model S,201602,US,Deposit,75 RWD,70700,0,22273,7
Model S,201602,US,Deposit,75 RWD,70700,0,22273,7
Model S,201602,US,Cash purchase,75 RWD,70700,0,22273,7
Model S,201602,US,Cash purchase,75 RWD,70700,0,22273,7
Model S,201602,US,Cash purchase,75 RWD,70700,0,22273,7
Model S,201602,US,Cash purchase,75 RWD,70700,0,22273,7
Model S,201602,US,Cash purchase,75 RWD,70700,0,22273,7
Model S,201602,US,Cash purchase,75 RWD,70700,0,22273,7
Model S,201602,US,Cash purchase,75 RWD,70700,0,22273,7
Model S,201602,US,Cash purchase,75 RWD,70700,0,24754,7
Model S,201602,Germany,Cash purchase,75D AWD,75700,0,26505,4
Model S,201602,Germany,Cash purchase,75D AWD,75700,0,42439,8
Model S,201602,US,Deposit,75D AWD,75700,0,42439,8
Model S,201602,US,Deposit,75D AWD,75700,0,42439,8
Model S,201602,US,Deposit,75D AWD,75700,0,42439,8
Model S,201602,US,Deposit,75D AWD,75700,0,42439,8
Model S,201602,US,Cash purchase,75D AWD,75700,0,42439,8
Model S,201602,US,Cash purchase,75D AWD,75700,0,42439,8
Model S,201602,US,Cash purchase,75D AWD,75700,0,42439,8
Model S,201602,US,Cash purchase,75D AWD,75700,0,42439,8
Model S,201602,US,Cash purchase,75D AWD,75700,0,42439,8
Model S,201602,US,Cash purchase,90D AWD,88700,0,49728,0
Model S,201602,US,Cash purchase,90D AWD,88700,0,49728,0
Model S,201602,US,Cash purchase,90D AWD,88700,0,49728,0
Model S,201602,US,Cash purchase,90D AWD,88700,0,42487,9
Model S,201602,US,Deposit,60D AWD,74200,0,35542,3
Model S,201602,US,Deposit,90D AWD,88700,0,42487,9
Model S,201602,US,Deposit,60D AWD,74200,0,35542,3
Model S,201602,US,Cash purchase,60D AWD,74200,0,35542,3
Model S,201602,US,Cash purchase,60D AWD,74200,0,35542,3
Model S,201602,US,Cash purchase,60D AWD,74200,0,35542,3
Model S,201602,US,Deposit,60D AWD,74200,0,35542,3
Model S,201602,US,Deposit,60D AWD,74200,0,35542,3
Model S,201602,US,Deposit,60D AWD,74200,0,35542,3
Model S,201602,US,Deposit,60D AWD,74200,0,36012,1
Model S,201602,US,Deposit,60D AWD,74200,0,36012,1
Model S,201602,US,Deposit,60D AWD,74200,0,36012,1
Model S,201602,US,Deposit,60D AWD,74200,0,36012,1
Model S,201602,US,Deposit,60D AWD,74200,0,36012,1
Model S,201602,US,Cash purchase,60D AWD,74200,0,36012,1
Model S,201602,US,Cash purchase,60D AWD,74200,0,36012,1
Model S,201602,US,Cash purchase,60D AWD,74200,0,36012,1
Model S,201602,US,Deposit,60D AWD,74200,0,19569,3
Model S,201602,US,Deposit,60D AWD,74200,0,19569,3
Model S,201602,US,Deposit,60D AWD,74200,0,19569,3
Model S,201602,US,Deposit,90D AWD,88700,0,23393,4
Model S,201602,US,Deposit,75D AWD,75700,0,19964,9
Model S,201602,US,Deposit,75D AWD,75700,0,19964,9
Model S,201602,US,Cash purchase,75D AWD,75700,0,19964,9
Model S,201602,US,Cash purchase,75D AWD,75700,0,19964,9
Model S,201602,US,Cash purchase,75D AWD,75700,0,19964,9
Model S,201602,US,Cash purchase,75D AWD,75700,0,19964,9
Model S,201602,US,Cash purchase,90D AWD,88700,0,23393,4
Model S,201602,US,Cash purchase,90D AWD,88700,0,23393,4
Model S,201602,US,Cash purchase,75 RWD,70700,0,18646,2
Model S,201602,US,Cash purchase,75 RWD,70700,0,18646,2
Model S,201602,US,Cash purchase,75 RWD,70700,0,18646,2
Model S,201602,US,Cash purchase,75 RWD,70700,0,18646,2
Model S,201602,US,Cash purchase,75 RWD,70700,0,18646,2
Model S,201602,US,Cash purchase,75 RWD,70700,0,13722,2
Model S,201602,Australia,Deposit,75 RWD,70700,0,13722,2
Model S,201602,Australia,Deposit,75 RWD,70700,0,13722,2
Model S,201602,Australia,Deposit,75 RWD,70700,0,13722,2
Model S,201602,Australia,Cash purchase,75 RWD,70700,0,13722,2
Model S,201602,Australia,Cash purchase,75 RWD,70700,0,13722,2
Model S,201602,Australia,Cash purchase,75 RWD,70700,0,13722,2
Model S,201602,Australia,Cash purchase,75 RWD,70700,0,13722,2
Model S,201602,Australia,Cash purchase,75 RWD,70700,0,13722,2
Model S,201602,Australia,Cash purchase,75 RWD,70700,0,13722,2
Model S,201602,Australia,Cash purchase,75 RWD,70700,0,13722,2
Model S,201602,Australia,Cash purchase,75 RWD,70700,0,13722,2
Model S,201602,Australia,Cash purchase,75 RWD,70700,0,13722,2
Model S,201602,Australia,Cash purchase,75 RWD,70700,0,13722,2
Model S,201602,Australia,Cash purchase,75 RWD,70700,0,9096,6
Model S,201602,US,Deposit,75 RWD,70700,0,9096,6
Model S,201602,US,Deposit,75 RWD,70700,0,9096,6
Model S,201602,US,Deposit,75 RWD,70700,0,9096,6
Model S,201602,US,Cash purchase,75 RWD,70700,0,9096,6
Model S,201602,US,Cash purchase,75 RWD,70700,0,9096,6
Model S,201602,US,Cash purchase,75 RWD,70700,0,9096,6
Model S,201602,US,Cash purchase,75 RWD,70700,0,9096,6
Model S,201602,US,Cash purchase,75 RWD,70700,0,9096,6
Model S,201602,US,Cash purchase,75 RWD,70700,0,9096,6
Model S,201602,US,Cash purchase,75 RWD,70700,0,9096,6
Model S,201602,US,Cash purchase,75 RWD,70700,0,9096,6
Model S,201602,US,Cash purchase,75 RWD,70700,0,9096,6
Model S,201602,US,Cash purchase,75 RWD,70700,0,19838,1
Model S,201602,US,Deposit,75 RWD,70700,0,19838,1
Model S,201602,US,Deposit,75 RWD,70700,0,19838,1
Model S,201602,US,Deposit,75 RWD,70700,0,19838,1
Model S,201602,US,Deposit,60D AWD,74200,0,20820,2
Model S,201602,US,Cash purchase,60D AWD,74200,0,20820,2
Model S,201602,US,Cash purchase,60D AWD,74200,0,20820,2
Model S,201602,US,Cash purchase,60D AWD,74200,0,20820,2
Model S,201602,US,Cash purchase,60D AWD,74200,0,20820,2
Model S,201602,US,Cash purchase,60D AWD,74200,0,20820,2
Model S,201602,US,Cash purchase,60D AWD,74200,0,13305,3
Model S,201602,US,Deposit,60D AWD,74200,0,13305,3
Model S,201602,US,Deposit,60D AWD,74200,0,13305,3
Model S,201602,US,Deposit,60D AWD,74200,0,13305,3
Model S,201602,US,Deposit,60D AWD,74200,0,13305,3
Model S,201602,US,Cash purchase,60D AWD,74200,0,13305,3
Model S,201602,US,Cash purchase,60D AWD,74200,0,13305,3
Model S,201602,US,Cash purchase,60D AWD,74200,0,13305,3
Model S,201602,US,Cash purchase,60D AWD,74200,0,7198,0
Model S,201602,US,Deposit,60D AWD,74200,0,7198,0
Model S,201602,US,Deposit,60D AWD,74200,0,7198,0
Model S,201602,US,Deposit,60D AWD,74200,0,7198,0
Model S,201602,US,Deposit,60D AWD,74200,0,7198,0
Model S,201602,US,Deposit,60D AWD,74200,0,7198,0
Model S,201602,US,Deposit,60D AWD,74200,0,7198,0
Model S,201602,US,Deposit,60D AWD,74200,0,21963,3
Model S,201603,US,Deposit,60D AWD,74200,0,21963,3
Model S,201603,US,Deposit,60D AWD,74200,0,21963,3
Model S,201603,US,Deposit,60D AWD,74200,0,21963,3
Model S,201603,US,Deposit,75D AWD,75700,0,22407,3
Model S,201603,US,Cash purchase,75D AWD,75700,0,22407,3
Model S,201603,US,Cash purchase,75 RWD,70700,0,20927,3
Model S,201603,US,Cash purchase,75 RWD,70700,0,20927,3
Model S,201603,US,Cash purchase,75 RWD,70700,0,20927,3
Model S,201603,US,Cash purchase,75 RWD,70700,0,20927,3
Model S,201603,US,Cash purchase,75 RWD,70700,0,20927,3
Model S,201603,US,Cash purchase,75 RWD,70700,0,20927,3
Model S,201603,US,Cash purchase,75 RWD,70700,0,20927,3
Model S,201603,US,Cash purchase,75 RWD,70700,0,20927,3
Model S,201603,US,Cash purchase,75 RWD,70700,0,20927,3
Model S,201603,US,Deposit,75 RWD,70700,0,20927,3
Model S,201603,US,Deposit,75 RWD,70700,0,20927,3
Model S,201603,US,Deposit,75 RWD,70700,0,20927,3
Model S,201603,US,Deposit,75 RWD,70700,0,20927,3
Model S,201603,US,Deposit,75 RWD,70700,0,20927,3
Model S,201603,US,Deposit,75 RWD,70700,0,20927,3
Model S,201603,US,Cash purchase,75 RWD,70700,0,20927,3
Model S,201603,US,Cash purchase,75 RWD,70700,0,20927,3
Model S,201603,US,Cash purchase,75 RWD,70700,0,20927,3
Model S,201603,US,Cash purchase,75 RWD,70700,0,20927,3
Model S,201603,US,Cash purchase,75 RWD,70700,0,20927,3
Model S,201603,US,Cash purchase,75 RWD,70700,0,20927,3
Model S,201603,US,Cash purchase,75 RWD,70700,0,20927,3
Model S,201603,US,Cash purchase,75 RWD,70700,0,20927,3
Model S,201603,US,Cash purchase,75 RWD,70700,0,20927,3
Model S,201603,US,Deposit,90D AWD,88700,0,26255,3
Model S,201603,US,Deposit,60D AWD,74200,0,21963,3
Model S,201603,US,Deposit,60D AWD,74200,0,21963,3
Model S,201603,US,Deposit,60D AWD,74200,0,21963,3
Model S,201603,US,Deposit,60D AWD,74200,0,21963,3
Model S,201603,US,Deposit,60D AWD,74200,0,21963,3
Model S,201603,US,Deposit,60D AWD,74200,0,21963,3
Model S,201603,US,Deposit,60D AWD,74200,0,21963,3
Model S,201603,US,Deposit,60D AWD,74200,0,21963,3
Model S,201603,US,Deposit,60D AWD,74200,0,21963,3
Model S,201603,US,Deposit,60D AWD,74200,0,21963,3
Model S,201603,US,Deposit,60D AWD,74200,0,21963,3
Model S,201603,US,Deposit,60D AWD,74200,0,21963,3
Model S,201603,US,Deposit,60D AWD,74200,0,11347,8
Model S,201603,Germany,Deposit,90D AWD,88700,0,13565,4
Model S,201603,Germany,Cash purchase,75D AWD,75700,0,11577,2
Model S,201603,Germany,Cash purchase,90D AWD,88700,0,13565,4
Model S,201603,Germany,Cash purchase,60D AWD,74200,0,11347,8
Model S,201603,Germany,Deposit,90D AWD,88700,0,13565,4
Model S,201603,Germany,Deposit,90D AWD,88700,0,13565,4
Model S,201603,Germany,Deposit,75 RWD,70700,0,10812,6
Model S,201603,Germany,Cash purchase,75 RWD,70700,0,10812,6
Model S,201603,Germany,Cash purchase,75 RWD,70700,0,10812,6
Model S,201603,Germany,Cash purchase,75 RWD,70700,0,10812,6
Model S,201603,Germany,Cash purchase,75 RWD,70700,0,10812,6
Model S,201603,Germany,Cash purchase,75 RWD,70700,0,22152,0
Model S,201603,US,Deposit,75 RWD,70700,0,22152,0
Model X,201603,US,Deposit,90D,80000,0,25066,0
Model X,201603,US,Deposit,90D,80000,0,25066,0
Model X,201603,US,Cash purchase,P90D,74000,0,23186,0
Model X,201603,US,Cash purchase,90D,80000,0,25066,0
Model X,201603,US,Cash purchase,P90D,74000,0,23186,0
Model X,201603,US,Deposit,90D,80000,0,25066,0
Model X,201603,US,Deposit,P90D,74000,0,23186,0
Model X,201603,US,Deposit,P90D,74000,0,23186,0
Model X,201603,US,Cash purchase,P90D,74000,0,23186,0
Model X,201603,US,Cash purchase,90D,80000,0,25066,0
Model X,201603,US,Cash purchase,P90D,74000,0,23186,0
Model X,201603,US,Cash purchase,P90D,74000,0,17642,4
Model X,201603,Germany,Cash purchase,90D,80000,0,19072,9
Model X,201603,Germany,Deposit,P90D,74000,0,17642,4
Model X,201603,Germany,Cash purchase,P90D,74000,0,17642,4
Model X,201603,US,Deposit,P90D,74000,0,9169,8
Model X,201603,US,Deposit,90D,80000,0,9913,3
Model X,201603,US,Deposit,P90D,74000,0,9169,8
Model X,201603,US,Cash purchase,90D,80000,0,9913,3
Model X,201603,US,Cash purchase,P90D,74000,0,9169,8
Model X,201603,US,Cash purchase,90D,80000,0,9913,3
Model X,201603,US,Cash purchase,P90D,74000,0,9169,8
Model X,201603,US,Cash purchase,P90D,74000,0,9169,8
Model X,201603,US,Cash purchase,P90D,74000,0,9169,8
Model X,201603,US,Deposit,P90D,74000,0,9169,8
Model X,201603,US,Deposit,P90D,74000,0,9169,8
Model X,201603,US,Deposit,P90D,74000,0,9169,8
Model X,201603,US,Deposit,P90D,74000,0,9169,8
Model X,201603,US,Deposit,90D,80000,0,9913,3
Model X,201603,US,Deposit,90D,80000,0,9913,3
Model X,201603,US,Cash purchase,P90D,74000,0,9169,8
Model X,201603,US,Cash purchase,90D,80000,0,9913,3
Model X,201603,US,Cash purchase,P90D,74000,0,23313,4
Model X,201603,US,Deposit,P90D,74000,0,23313,4
Model X,201603,US,Cash purchase,P90D,74000,0,23313,4
Model X,201603,US,Cash purchase,P90D,74000,0,23313,4
Model X,201603,US,Cash purchase,P90D,74000,0,23313,4
Model X,201603,US,Cash purchase,P90D,74000,0,23313,4
Model X,201603,US,Cash purchase,90D,80000,0,25203,6
Model X,201603,US,Deposit,90D,80000,0,25203,6
Model X,201603,US,Deposit,P90D,74000,0,23313,4
Model X,201603,US,Cash purchase,P90D,74000,0,23313,4
Model X,201603,US,Cash purchase,P90D,74000,0,23313,4
Model X,201603,Germany,Deposit,P90D,74000,0,25910,2
Model X,201603,Germany,Cash purchase,P90D,74000,0,25910,2
Model X,201603,Germany,Cash purchase,90D,80000,0,28011,0
Model X,201603,US,Deposit,P90D,74000,0,41486,7
Model X,201603,US,Cash purchase,P90D,74000,0,41486,7
Model X,201603,US,Cash purchase,90D,80000,0,44850,5
Model X,201603,US,Cash purchase,90D,80000,0,44850,5
Model X,201603,US,Cash purchase,P90D,74000,0,41486,7
Model X,201603,US,Cash purchase,90D,80000,0,38320,5
Model S,201603,US,Deposit,90D AWD,88700,0,42487,9
Model S,201603,US,Cash purchase,60D AWD,74200,0,35542,3
Model S,201603,US,Cash purchase,60D AWD,74200,0,35542,3
Model S,201603,US,Cash purchase,60D AWD,74200,0,35542,3
Model S,201603,US,Deposit,60D AWD,74200,0,35542,3
Model S,201603,US,Deposit,60D AWD,74200,0,35542,3
Model S,201603,US,Deposit,60D AWD,74200,0,35542,3
Model S,201603,US,Deposit,60D AWD,74200,0,36012,1
Model S,201603,US,Deposit,60D AWD,74200,0,36012,1
Model S,201603,US,Deposit,60D AWD,74200,0,36012,1
Model S,201603,US,Deposit,60D AWD,74200,0,36012,1
Model S,201603,US,Deposit,60D AWD,74200,0,36012,1
Model S,201603,US,Cash purchase,60D AWD,74200,0,36012,1
Model S,201603,US,Cash purchase,60D AWD,74200,0,36012,1
Model S,201603,US,Cash purchase,60D AWD,74200,0,36012,1
Model S,201603,US,Deposit,60D AWD,74200,0,19569,3
Model S,201603,US,Deposit,60D AWD,74200,0,19569,3
Model S,201603,US,Deposit,60D AWD,74200,0,19569,3
Model S,201603,US,Deposit,90D AWD,88700,0,23393,4
Model S,201603,US,Deposit,75D AWD,75700,0,19964,9
Model S,201603,US,Deposit,75D AWD,75700,0,19964,9
Model S,201603,US,Cash purchase,75D AWD,75700,0,19964,9
Model S,201603,US,Cash purchase,75D AWD,75700,0,19964,9
Model S,201603,US,Cash purchase,75D AWD,75700,0,19964,9
Model S,201603,US,Cash purchase,75D AWD,75700,0,19964,9
Model S,201603,US,Cash purchase,90D AWD,88700,0,23393,4
Model S,201603,US,Cash purchase,90D AWD,88700,0,23393,4
Model S,201603,US,Cash purchase,75 RWD,70700,0,18646,2
Model S,201603,US,Cash purchase,75 RWD,70700,0,18646,2
Model S,201603,US,Cash purchase,75 RWD,70700,0,18646,2
Model S,201603,US,Cash purchase,75 RWD,70700,0,18646,2
Model S,201603,US,Cash purchase,75 RWD,70700,0,18646,2
Model S,201603,US,Cash purchase,75 RWD,70700,0,13722,2
Model S,201603,Australia,Deposit,75 RWD,70700,0,13722,2
Model S,201603,Australia,Deposit,75 RWD,70700,0,13722,2
Model S,201603,Australia,Deposit,75 RWD,70700,0,13722,2
Model S,201603,Australia,Cash purchase,75 RWD,70700,0,13722,2
Model S,201603,Australia,Cash purchase,75 RWD,70700,0,13722,2
Model S,201603,Australia,Cash purchase,75 RWD,70700,0,13722,2
Model S,201603,Australia,Cash purchase,75 RWD,70700,0,13722,2
Model S,201603,Australia,Cash purchase,75 RWD,70700,0,13722,2
Model S,201603,Australia,Cash purchase,75 RWD,70700,0,13722,2
Model S,201603,Australia,Cash purchase,75 RWD,70700,0,13722,2
Model S,201603,Australia,Cash purchase,75 RWD,70700,0,13722,2
Model S,201603,Australia,Cash purchase,75 RWD,70700,0,13722,2
Model S,201603,Australia,Cash purchase,75 RWD,70700,0,13722,2
Model S,201603,Australia,Cash purchase,75 RWD,70700,0,9096,6
Model X,201603,US,Deposit,90D,80000,0,10293,2
Model X,201603,US,Deposit,P90D,74000,0,9521,2
Model X,201603,US,Deposit,90D,80000,0,10293,2
Model X,201603,US,Cash purchase,P90D,74000,0,9521,2
Model X,201603,US,Cash purchase,P90D,74000,0,9521,2
Model X,201603,US,Cash purchase,P90D,74000,0,9521,2
Model X,201603,US,Cash purchase,P90D,74000,0,9521,2
Model X,201603,US,Cash purchase,P90D,74000,0,9521,2
Model X,201603,US,Cash purchase,P90D,74000,0,9521,2
Model X,201603,US,Cash purchase,90D,80000,0,10293,2
Model X,201603,US,Cash purchase,P90D,74000,0,9521,2
Model X,201603,US,Cash purchase,P90D,74000,0,9521,2
Model X,201603,US,Cash purchase,P90D,74000,0,20764,1
Model X,201603,US,Deposit,P90D,74000,0,20764,1
Model X,201603,US,Deposit,P90D,74000,0,20764,1
Model X,201603,US,Deposit,P90D,74000,0,20764,1
Model X,201603,US,Deposit,P90D,74000,0,20764,1
Model X,201603,US,Cash purchase,90D,80000,0,22447,6
Model X,201603,US,Cash purchase,90D,80000,0,22447,6
Model X,201603,US,Cash purchase,P90D,74000,0,20764,1
Model X,201603,US,Cash purchase,P90D,74000,0,20764,1
Model X,201603,US,Cash purchase,P90D,74000,0,20764,1
Model X,201603,US,Cash purchase,90D,80000,0,14345,3
Model X,201603,US,Deposit,90D,80000,0,14345,3
Model X,201603,US,Deposit,P90D,74000,0,13269,4
Model X,201603,US,Deposit,90D,80000,0,14345,3
Model X,201603,US,Deposit,P90D,74000,0,13269,4
Model X,201603,US,Cash purchase,90D,80000,0,14345,3
Model X,201603,US,Cash purchase,P90D,74000,0,13269,4
Model X,201603,US,Cash purchase,P90D,74000,0,13269,4
Model X,201603,US,Cash purchase,P90D,74000,0,7178,6
Model X,201603,US,Deposit,P90D,74000,0,7178,6
Model X,201603,US,Deposit,P90D,74000,0,7178,6
Model X,201603,US,Deposit,P90D,74000,0,7178,6
Model X,201603,US,Deposit,90D,80000,0,7760,6
Model X,201603,US,Deposit,P90D,74000,0,7178,6
Model X,201603,US,Deposit,P90D,74000,0,7178,6
Model X,201603,US,Deposit,P90D,74000,0,21904,1
Model X,201604,US,Deposit,P90D,74000,0,21904,1
Model X,201604,US,Deposit,P90D,74000,0,21904,1
Model X,201604,US,Deposit,P90D,74000,0,21904,1
Model X,201604,US,Deposit,P90D,74000,0,21904,1
Model X,201604,US,Cash purchase,P90D,74000,0,21904,1
Model X,201604,US,Cash purchase,90D,80000,0,23680,1
Model X,201604,US,Cash purchase,90D,80000,0,23680,1
Model X,201604,US,Cash purchase,90D,80000,0,23680,1
Model X,201604,US,Cash purchase,P90D,74000,0,21904,1
Model X,201604,US,Cash purchase,P90D,74000,0,21904,1
Model X,201604,US,Cash purchase,P90D,74000,0,21904,1
Model X,201604,US,Cash purchase,90D,80000,0,23680,1
Model X,201604,US,Cash purchase,90D,80000,0,23680,1
Model X,201604,US,Cash purchase,P90D,74000,0,21904,1
Model X,201604,US,Cash purchase,90D,80000,0,23680,1
Model X,201604,US,Deposit,P90D,74000,0,21904,1
Model X,201604,US,Deposit,90D,80000,0,23680,1
Model X,201604,US,Deposit,P90D,74000,0,21904,1
Model X,201604,US,Deposit,P90D,74000,0,21904,1
Model X,201604,US,Deposit,P90D,74000,0,21904,1
Model X,201604,US,Deposit,P90D,74000,0,21904,1
Model X,201604,US,Cash purchase,P90D,74000,0,21904,1
Model X,201604,US,Cash purchase,P90D,74000,0,21904,1
Model X,201604,US,Cash purchase,90D,80000,0,23680,1
Model X,201604,US,Cash purchase,P90D,74000,0,21904,1
Model X,201604,US,Cash purchase,P90D,74000,0,21904,1
Model X,201604,US,Cash purchase,P90D,74000,0,21904,1
Model X,201604,US,Cash purchase,P90D,74000,0,21904,1
Model X,201604,US,Cash purchase,P90D,74000,0,21904,1
Model X,201604,US,Cash purchase,P90D,74000,0,21904,1
Model X,201604,US,Deposit,P90D,74000,0,21904,1
Model X,201604,US,Deposit,90D,80000,0,23680,1
Model X,201604,US,Deposit,90D,80000,0,23680,1
Model X,201604,US,Deposit,P90D,74000,0,21904,1
Model X,201604,US,Deposit,P90D,74000,0,21904,1
Model X,201604,US,Deposit,P90D,74000,0,21904,1
Model X,201604,US,Deposit,P90D,74000,0,21904,1
Model X,201604,US,Deposit,90D,80000,0,23680,1
Model X,201604,US,Deposit,90D,80000,0,23680,1
Model X,201604,US,Deposit,P90D,74000,0,21904,1
Model S,201604,US,Deposit,60D AWD,74200,0,21963,3
Model S,201604,US,Deposit,60D AWD,74200,0,21963,3
Model S,201604,US,Deposit,60D AWD,74200,0,21963,3
Model S,201604,US,Deposit,60D AWD,74200,0,21963,3
Model S,201604,US,Deposit,60D AWD,74200,0,11347,8
Model S,201604,Germany,Deposit,60D AWD,74200,0,11347,8
Model S,201604,Germany,Deposit,90D AWD,88700,0,13565,4
Model S,201604,Germany,Deposit,90D AWD,88700,0,13565,4
Model S,201604,Germany,Cash purchase,90D AWD,88700,0,13565,4
Model S,201604,Germany,Cash purchase,75D AWD,75700,0,11577,2
Model S,201604,Germany,Cash purchase,75D AWD,75700,0,11577,2
Model S,201604,Germany,Cash purchase,75D AWD,75700,0,11577,2
Model S,201604,Germany,Cash purchase,90D AWD,88700,0,13565,4
Model S,201604,Germany,Cash purchase,90D AWD,88700,0,13565,4
Model S,201604,Germany,Cash purchase,60D AWD,74200,0,11347,8
Model S,201604,Germany,Cash purchase,60D AWD,74200,0,11347,8
Model S,201604,Germany,Cash purchase,60D AWD,74200,0,11347,8
Model S,201604,Germany,Deposit,60D AWD,74200,0,11347,8
Model S,201604,Germany,Deposit,60D AWD,74200,0,11347,8
Model S,201604,Germany,Deposit,90D AWD,88700,0,13565,4
Model S,201604,Germany,Deposit,90D AWD,88700,0,13565,4
Model S,201604,Germany,Deposit,75 RWD,70700,0,10812,6
Model S,201604,Germany,Cash purchase,75 RWD,70700,0,10812,6
Model S,201604,Germany,Cash purchase,75 RWD,70700,0,10812,6
Model S,201604,Germany,Cash purchase,75 RWD,70700,0,10812,6
Model S,201604,Germany,Cash purchase,75 RWD,70700,0,10812,6
Model S,201604,Germany,Cash purchase,75 RWD,70700,0,10812,6
Model S,201604,Germany,Cash purchase,75 RWD,70700,0,10812,6
Model S,201604,Germany,Cash purchase,75 RWD,70700,0,10812,6
Model S,201604,Germany,Cash purchase,75 RWD,70700,0,10812,6
Model S,201604,Germany,Cash purchase,75 RWD,70700,0,10812,6
Model S,201604,Germany,Cash purchase,75 RWD,70700,0,10812,6
Model S,201604,Germany,Cash purchase,75 RWD,70700,0,22152,0
Model S,201604,US,Deposit,75 RWD,70700,0,22152,0
Model S,201604,US,Deposit,75 RWD,70700,0,22152,0
Model S,201604,US,Deposit,75 RWD,70700,0,22152,0
Model S,201604,US,Cash purchase,75 RWD,70700,0,22152,0
Model S,201604,US,Cash purchase,75 RWD,70700,0,22152,0
Model S,201604,US,Cash purchase,75 RWD,70700,0,22152,0
Model S,201604,US,Deposit,75 RWD,70700,0,22152,0
Model S,201604,US,Deposit,75 RWD,70700,0,22152,0
Model S,201604,US,Deposit,75 RWD,70700,0,22152,0
Model S,201604,US,Cash purchase,75 RWD,70700,0,22152,0
Model S,201604,US,Cash purchase,75 RWD,70700,0,22152,0
Model S,201604,US,Cash purchase,75 RWD,70700,0,16855,6
Model S,201604,Germany,Deposit,75 RWD,70700,0,16855,6
Model S,201604,Germany,Cash purchase,75 RWD,70700,0,16855,6
Model S,201604,Germany,Deposit,75 RWD,70700,0,16855,6
Model S,201604,Germany,Deposit,90D AWD,88700,0,21147,0
Model S,201604,Germany,Deposit,90D AWD,88700,0,21147,0
Model S,201604,Germany,Cash purchase,90D AWD,88700,0,21147,0
Model S,201604,Germany,Cash purchase,60D AWD,74200,0,17690,1
Model S,201604,Germany,Cash purchase,60D AWD,74200,0,9194,6
Model S,201604,US,Deposit,90D AWD,88700,0,10991,4
Model S,201604,US,Deposit,90D AWD,88700,0,10991,4
Model S,201604,US,Deposit,75D AWD,75700,0,9380,5
Model S,201604,US,Deposit,75D AWD,75700,0,9380,5
Model S,201604,US,Deposit,75D AWD,75700,0,9380,5
Model S,201604,US,Deposit,75D AWD,75700,0,9380,5
Model S,201604,US,Deposit,75D AWD,75700,0,9380,5
Model S,201604,US,Deposit,75D AWD,75700,0,9380,5
Model S,201604,US,Cash purchase,75D AWD,75700,0,9380,5
Model S,201604,US,Cash purchase,75D AWD,75700,0,9380,5
Model S,201604,US,Cash purchase,75D AWD,75700,0,9380,5
Model S,201604,US,Cash purchase,75D AWD,75700,0,9380,5
Model S,201604,US,Cash purchase,75D AWD,75700,0,9380,5
Model S,201604,US,Cash purchase,90D AWD,88700,0,10991,4
Model S,201604,US,Cash purchase,90D AWD,88700,0,10991,4
Model S,201604,US,Cash purchase,75D AWD,75700,0,9380,5
Model S,201604,US,Cash purchase,75D AWD,75700,0,9380,5
Model S,201604,US,Cash purchase,75D AWD,75700,0,9380,5
Model S,201604,US,Cash purchase,75D AWD,75700,0,9380,5
Model S,201604,US,Cash purchase,75D AWD,75700,0,9380,5
Model S,201604,US,Cash purchase,75D AWD,75700,0,9380,5
Model S,201604,US,Cash purchase,75D AWD,75700,0,9380,5
Model S,201604,US,Cash purchase,90D AWD,88700,0,10991,4
Model S,201604,US,Deposit,90D AWD,88700,0,10991,4
Model S,201604,US,Deposit,90D AWD,88700,0,10991,4
Model S,201604,US,Deposit,75 RWD,70700,0,8760,9
Model S,201604,US,Deposit,75 RWD,70700,0,8760,9
Model S,201604,US,Deposit,75 RWD,70700,0,8760,9
Model S,201604,US,Deposit,75 RWD,70700,0,8760,9
Model S,201604,US,Deposit,75 RWD,70700,0,8760,9
Model S,201604,US,Deposit,75 RWD,70700,0,8760,9
Model S,201604,US,Deposit,75 RWD,70700,0,8760,9
Model S,201604,US,Deposit,75 RWD,70700,0,8760,9
Model S,201604,US,Deposit,75 RWD,70700,0,8760,9
Model X,201604,US,Cash purchase,P90D,74000,0,9169,8
Model X,201604,US,Cash purchase,90D,80000,0,9913,3
Model X,201604,US,Cash purchase,P90D,74000,0,9169,8
Model X,201604,US,Cash purchase,90D,80000,0,9913,3
Model X,201604,US,Cash purchase,P90D,74000,0,23313,4
Model X,201604,US,Deposit,P90D,74000,0,23313,4
Model X,201604,US,Deposit,P90D,74000,0,23313,4
Model X,201604,US,Deposit,P90D,74000,0,23313,4
Model X,201604,US,Deposit,P90D,74000,0,23313,4
Model X,201604,US,Deposit,P90D,74000,0,23313,4
Model X,201604,US,Cash purchase,90D,80000,0,25203,6
Model X,201604,US,Cash purchase,P90D,74000,0,23313,4
Model X,201604,US,Cash purchase,P90D,74000,0,23313,4
Model X,201604,US,Cash purchase,P90D,74000,0,23313,4
Model X,201604,US,Cash purchase,P90D,74000,0,23313,4
Model X,201604,US,Cash purchase,90D,80000,0,25203,6
Model X,201604,US,Cash purchase,P90D,74000,0,23313,4
Model X,201604,US,Cash purchase,P90D,74000,0,23313,4
Model X,201604,US,Deposit,P90D,74000,0,23313,4
Model X,201604,US,Deposit,90D,80000,0,25203,6
Model X,201604,US,Deposit,90D,80000,0,25203,6
Model X,201604,US,Deposit,P90D,74000,0,23313,4
Model X,201604,US,Deposit,P90D,74000,0,23313,4
Model X,201604,US,Cash purchase,P90D,74000,0,23313,4
Model X,201604,US,Cash purchase,90D,80000,0,25203,6
Model X,201604,US,Cash purchase,90D,80000,0,25203,6
Model X,201604,US,Cash purchase,P90D,74000,0,23313,4
Model X,201604,US,Cash purchase,90D,80000,0,25203,6
Model X,201604,US,Cash purchase,P90D,74000,0,23313,4
Model X,201604,US,Cash purchase,90D,80000,0,25203,6
Model X,201604,US,Cash purchase,P90D,74000,0,25910,2
Model X,201604,Germany,Deposit,P90D,74000,0,25910,2
Model X,201604,Germany,Deposit,P90D,74000,0,25910,2
Model X,201604,Germany,Deposit,P90D,74000,0,25910,2
Model X,201604,Germany,Deposit,P90D,74000,0,25910,2
Model X,201604,Germany,Cash purchase,P90D,74000,0,25910,2
Model X,201604,Germany,Cash purchase,90D,80000,0,28011,0
Model X,201604,Germany,Cash purchase,P90D,74000,0,41486,7
Model X,201604,US,Deposit,P90D,74000,0,41486,7
Model X,201604,US,Deposit,P90D,74000,0,41486,7
Model X,201604,US,Deposit,P90D,74000,0,41486,7
Model X,201604,US,Deposit,P90D,74000,0,41486,7
Model X,201604,US,Cash purchase,P90D,74000,0,41486,7
Model X,201604,US,Cash purchase,P90D,74000,0,41486,7
Model X,201604,US,Cash purchase,90D,80000,0,44850,5
Model X,201604,US,Cash purchase,90D,80000,0,44850,5
Model X,201604,US,Cash purchase,P90D,74000,0,41486,7
Model X,201604,US,Cash purchase,P90D,74000,0,41486,7
Model X,201604,US,Cash purchase,P90D,74000,0,41486,7
Model X,201604,US,Cash purchase,P90D,74000,0,41486,7
Model X,201604,US,Cash purchase,90D,80000,0,44850,5
Model X,201604,US,Cash purchase,90D,80000,0,38320,5
Model X,201604,US,Deposit,P90D,74000,0,35446,5
Model X,201604,US,Deposit,90D,80000,0,38320,5
Model X,201604,US,Deposit,90D,80000,0,38320,5
Model X,201604,US,Cash purchase,P90D,74000,0,35446,5
Model X,201604,US,Cash purchase,P90D,74000,0,35446,5
Model X,201604,US,Cash purchase,90D,80000,0,38320,5
Model X,201604,US,Cash purchase,P90D,74000,0,35446,5
Model X,201604,US,Deposit,P90D,74000,0,35446,5
Model X,201604,US,Deposit,P90D,74000,0,35446,5
Model X,201604,US,Deposit,P90D,74000,0,35446,5
Model X,201604,US,Deposit,P90D,74000,0,35915,0
Model X,201604,US,Deposit,P90D,74000,0,35915,0
Model X,201604,US,Deposit,90D,80000,0,38827,1
Model X,201604,US,Deposit,P90D,74000,0,35915,0
Model X,201604,US,Deposit,P90D,74000,0,35915,0
Model X,201604,US,Cash purchase,P90D,74000,0,35915,0
Model X,201604,US,Cash purchase,P90D,74000,0,35915,0
Model X,201604,US,Cash purchase,P90D,74000,0,35915,0
Model X,201604,US,Deposit,P90D,74000,0,19516,5
Model X,201604,US,Deposit,P90D,74000,0,19516,5
Model X,201604,US,Deposit,90D,80000,0,21098,9
Model X,201604,US,Deposit,90D,80000,0,21098,9
Model X,201604,US,Deposit,P90D,74000,0,19516,5
Model X,201604,US,Deposit,P90D,74000,0,19516,5
Model X,201604,US,Cash purchase,P90D,74000,0,19516,5
Model X,201604,US,Cash purchase,90D,80000,0,21098,9
Model X,201604,US,Cash purchase,90D,80000,0,21098,9
Model X,201604,US,Cash purchase,P90D,74000,0,19516,5
Model X,201604,US,Cash purchase,90D,80000,0,21098,9
Model X,201604,US,Cash purchase,P90D,74000,0,19516,5
Model X,201604,US,Cash purchase,90D,80000,0,21098,9
Model X,201604,US,Cash purchase,P90D,74000,0,19516,5
Model X,201604,US,Cash purchase,P90D,74000,0,19516,5
Model X,201604,US,Cash purchase,P90D,74000,0,19516,5
Model X,201604,US,Cash purchase,P90D,74000,0,19516,5
Model X,201604,US,Cash purchase,P90D,74000,0,14362,7
Model X,201604,Australia,Deposit,P90D,74000,0,14362,7
Model X,201604,Australia,Deposit,90D,80000,0,15527,2
Model X,201604,Australia,Deposit,P90D,74000,0,14362,7
Model X,201604,Australia,Cash purchase,P90D,74000,0,14362,7
Model X,201604,Australia,Cash purchase,P90D,74000,0,14362,7
Model X,201604,Australia,Cash purchase,P90D,74000,0,14362,7
Model X,201604,Australia,Cash purchase,P90D,74000,0,14362,7
Model X,201604,Australia,Cash purchase,P90D,74000,0,14362,7
Model X,201604,Australia,Cash purchase,P90D,74000,0,14362,7
Model X,201604,Australia,Cash purchase,P90D,74000,0,14362,7
Model X,201604,Australia,Cash purchase,90D,80000,0,15527,2
Model X,201604,Australia,Cash purchase,90D,80000,0,15527,2
Model X,201604,Australia,Cash purchase,P90D,74000,0,14362,7
Model X,201604,Australia,Cash purchase,P90D,74000,0,14362,7
Model X,201604,Australia,Cash purchase,P90D,74000,0,9521,2
Model X,201604,US,Deposit,90D,80000,0,10293,2
Model X,201604,US,Deposit,P90D,74000,0,9521,2
Model X,201604,US,Deposit,90D,80000,0,10293,2
Model X,201604,US,Cash purchase,P90D,74000,0,9521,2
Model X,201604,US,Cash purchase,P90D,74000,0,9521,2
Model X,201604,US,Cash purchase,P90D,74000,0,9521,2
Model X,201604,US,Cash purchase,P90D,74000,0,9521,2
Model X,201604,US,Cash purchase,P90D,74000,0,9521,2
Model X,201604,US,Cash purchase,P90D,74000,0,9521,2
Model X,201604,US,Cash purchase,90D,80000,0,10293,2
Model X,201604,US,Cash purchase,P90D,74000,0,9521,2
Model X,201604,US,Cash purchase,P90D,74000,0,9521,2
Model X,201604,US,Cash purchase,P90D,74000,0,20764,1
Model X,201604,US,Deposit,P90D,74000,0,20764,1
Model X,201604,US,Deposit,P90D,74000,0,20764,1
Model X,201604,US,Deposit,P90D,74000,0,20764,1
Model X,201604,US,Deposit,P90D,74000,0,20764,1
Model X,201604,US,Cash purchase,90D,80000,0,22447,6
Model X,201604,US,Cash purchase,90D,80000,0,22447,6
Model X,201604,US,Cash purchase,P90D,74000,0,20764,1
Model X,201604,US,Cash purchase,P90D,74000,0,20764,1
Model X,201604,US,Cash purchase,P90D,74000,0,20764,1
Model X,201604,US,Cash purchase,90D,80000,0,14345,3
Model X,201604,US,Deposit,90D,80000,0,14345,3
Model X,201604,US,Deposit,P90D,74000,0,13269,4
Model X,201604,US,Deposit,90D,80000,0,14345,3
Model X,201604,US,Deposit,P90D,74000,0,13269,4
Model X,201604,US,Cash purchase,90D,80000,0,14345,3
Model X,201604,US,Cash purchase,P90D,74000,0,13269,4
Model X,201604,US,Cash purchase,P90D,74000,0,13269,4
Model X,201604,US,Cash purchase,P90D,74000,0,7178,6
Model X,201604,US,Deposit,P90D,74000,0,7178,6
Model X,201604,US,Deposit,P90D,74000,0,7178,6
Model X,201604,US,Deposit,P90D,74000,0,7178,6
Model X,201604,US,Deposit,90D,80000,0,7760,6
Model X,201604,US,Deposit,P90D,74000,0,7178,6
Model X,201604,US,Deposit,P90D,74000,0,7178,6
Model X,201604,US,Deposit,P90D,74000,0,21904,1
Model X,201605,US,Deposit,P90D,74000,0,21904,1
Model X,201605,US,Deposit,P90D,74000,0,21904,1
Model X,201605,US,Deposit,P90D,74000,0,21904,1
Model X,201605,US,Deposit,P90D,74000,0,21904,1
Model X,201605,US,Cash purchase,P90D,74000,0,21904,1
Model X,201605,US,Cash purchase,90D,80000,0,23680,1
Model X,201605,US,Cash purchase,90D,80000,0,23680,1
Model X,201605,US,Cash purchase,90D,80000,0,23680,1
Model X,201605,US,Cash purchase,P90D,74000,0,21904,1
Model X,201605,US,Cash purchase,P90D,74000,0,21904,1
Model X,201605,US,Cash purchase,P90D,74000,0,21904,1
Model X,201605,US,Cash purchase,90D,80000,0,23680,1
Model X,201605,US,Cash purchase,90D,80000,0,23680,1
Model X,201605,US,Cash purchase,P90D,74000,0,41486,7
Model X,201605,US,Cash purchase,P90D,74000,0,41486,7
Model X,201605,US,Cash purchase,90D,80000,0,44850,5
Model X,201605,US,Cash purchase,90D,80000,0,44850,5
Model X,201605,US,Cash purchase,P90D,74000,0,41486,7
Model X,201605,US,Cash purchase,P90D,74000,0,41486,7
Model X,201605,US,Cash purchase,P90D,74000,0,41486,7
Model X,201605,US,Cash purchase,P90D,74000,0,41486,7
Model X,201605,US,Cash purchase,90D,80000,0,44850,5
Model X,201605,US,Cash purchase,90D,80000,0,38320,5
Model X,201605,US,Deposit,P90D,74000,0,35446,5
Model X,201605,US,Deposit,90D,80000,0,38320,5
Model X,201605,US,Deposit,90D,80000,0,38320,5
Model X,201605,US,Cash purchase,P90D,74000,0,35446,5
Model X,201605,US,Cash purchase,P90D,74000,0,35446,5
Model X,201605,US,Cash purchase,90D,80000,0,38320,5
Model X,201605,US,Cash purchase,P90D,74000,0,35446,5
Model X,201605,US,Deposit,P90D,74000,0,35446,5
Model X,201605,US,Deposit,P90D,74000,0,35446,5
Model X,201605,US,Deposit,P90D,74000,0,35446,5
Model X,201605,US,Deposit,P90D,74000,0,35915,0
Model X,201605,US,Deposit,P90D,74000,0,35915,0
Model X,201605,US,Deposit,90D,80000,0,38827,1
Model X,201605,US,Deposit,P90D,74000,0,35915,0
Model X,201605,US,Deposit,P90D,74000,0,35915,0
Model X,201605,US,Cash purchase,P90D,74000,0,35915,0
Model X,201605,US,Cash purchase,P90D,74000,0,35915,0
Model X,201605,US,Cash purchase,P90D,74000,0,35915,0
Model X,201605,US,Deposit,P90D,74000,0,19516,5
Model X,201605,US,Deposit,P90D,74000,0,19516,5
Model X,201605,US,Deposit,90D,80000,0,21098,9
Model X,201605,US,Deposit,90D,80000,0,21098,9
Model X,201605,US,Deposit,P90D,74000,0,19516,5
Model X,201605,US,Deposit,P90D,74000,0,19516,5
Model X,201605,US,Cash purchase,P90D,74000,0,19516,5
Model X,201605,US,Cash purchase,90D,80000,0,21098,9
Model X,201605,US,Cash purchase,90D,80000,0,21098,9
Model X,201605,US,Cash purchase,P90D,74000,0,19516,5
Model S,201605,US,Cash purchase,90D AWD,88700,0,23393,4
Model S,201605,US,Cash purchase,90D AWD,88700,0,23393,4
Model S,201605,US,Cash purchase,75 RWD,70700,0,18646,2
Model S,201605,US,Cash purchase,75 RWD,70700,0,18646,2
Model S,201605,US,Cash purchase,75 RWD,70700,0,18646,2
Model S,201605,US,Cash purchase,75 RWD,70700,0,18646,2
Model S,201605,US,Cash purchase,75 RWD,70700,0,18646,2
Model S,201605,US,Cash purchase,75 RWD,70700,0,13722,2
Model S,201605,Australia,Deposit,75 RWD,70700,0,13722,2
Model S,201605,Australia,Deposit,75 RWD,70700,0,13722,2
Model S,201605,Australia,Deposit,75 RWD,70700,0,13722,2
Model S,201605,Australia,Cash purchase,75 RWD,70700,0,13722,2
Model S,201605,Australia,Cash purchase,75 RWD,70700,0,13722,2
Model S,201605,Australia,Cash purchase,75 RWD,70700,0,13722,2
Model S,201605,Australia,Cash purchase,75 RWD,70700,0,13722,2
Model S,201605,Australia,Cash purchase,75 RWD,70700,0,13722,2
Model S,201605,Australia,Cash purchase,75 RWD,70700,0,13722,2
Model S,201605,Australia,Cash purchase,75 RWD,70700,0,13722,2
Model S,201605,Australia,Cash purchase,75 RWD,70700,0,13722,2
Model S,201605,Australia,Cash purchase,75 RWD,70700,0,13722,2
Model S,201605,Australia,Cash purchase,75 RWD,70700,0,13722,2
Model S,201605,Australia,Cash purchase,75 RWD,70700,0,9096,6
Model S,201605,US,Deposit,75 RWD,70700,0,9096,6
Model S,201605,US,Deposit,75 RWD,70700,0,9096,6
Model S,201605,US,Deposit,75 RWD,70700,0,9096,6
Model S,201605,US,Cash purchase,75 RWD,70700,0,9096,6
Model S,201605,US,Cash purchase,75 RWD,70700,0,9096,6
Model S,201605,US,Cash purchase,75 RWD,70700,0,9096,6
Model S,201605,US,Cash purchase,75 RWD,70700,0,9096,6
Model S,201605,US,Cash purchase,75 RWD,70700,0,9096,6
Model S,201605,US,Cash purchase,75 RWD,70700,0,9096,6
Model S,201605,US,Cash purchase,75 RWD,70700,0,9096,6
Model S,201605,US,Cash purchase,75 RWD,70700,0,9096,6
Model S,201605,US,Cash purchase,75 RWD,70700,0,9096,6
Model S,201605,US,Cash purchase,75 RWD,70700,0,19838,1
Model S,201605,US,Deposit,75 RWD,70700,0,19838,1
Model S,201605,US,Deposit,75 RWD,70700,0,19838,1
Model S,201605,US,Deposit,75 RWD,70700,0,19838,1
Model S,201605,US,Deposit,60D AWD,74200,0,20820,2
Model S,201605,US,Cash purchase,60D AWD,74200,0,20820,2
Model S,201605,US,Cash purchase,60D AWD,74200,0,20820,2
Model S,201605,US,Cash purchase,60D AWD,74200,0,20820,2
Model S,201605,US,Cash purchase,60D AWD,74200,0,20820,2
Model S,201605,US,Cash purchase,60D AWD,74200,0,20820,2
Model S,201605,US,Cash purchase,60D AWD,74200,0,13305,3
Model S,201605,US,Deposit,60D AWD,74200,0,13305,3
Model S,201605,US,Deposit,60D AWD,74200,0,13305,3
Model S,201605,US,Deposit,60D AWD,74200,0,13305,3
Model S,201605,US,Deposit,60D AWD,74200,0,13305,3
Model S,201605,US,Cash purchase,60D AWD,74200,0,13305,3
Model S,201605,US,Cash purchase,60D AWD,74200,0,13305,3
Model S,201605,US,Cash purchase,60D AWD,74200,0,13305,3
Model S,201605,US,Cash purchase,60D AWD,74200,0,7198,0
Model S,201605,US,Deposit,60D AWD,74200,0,7198,0
Model S,201605,US,Deposit,60D AWD,74200,0,7198,0
Model S,201605,US,Deposit,60D AWD,74200,0,7198,0
Model S,201605,US,Deposit,60D AWD,74200,0,7198,0
Model S,201605,US,Deposit,60D AWD,74200,0,7198,0
Model S,201605,US,Deposit,60D AWD,74200,0,7198,0
Model S,201605,US,Deposit,60D AWD,74200,0,21963,3
Model S,201606,US,Deposit,60D AWD,74200,0,21963,3
Model S,201606,US,Deposit,60D AWD,74200,0,21963,3
Model S,201606,US,Deposit,60D AWD,74200,0,21963,3
Model S,201606,US,Deposit,75D AWD,75700,0,22407,3
Model S,201606,US,Cash purchase,75D AWD,75700,0,22407,3
Model S,201606,US,Cash purchase,75 RWD,70700,0,20927,3
Model S,201606,US,Cash purchase,75 RWD,70700,0,20927,3
Model S,201606,US,Cash purchase,75 RWD,70700,0,20927,3
Model S,201606,US,Cash purchase,75 RWD,70700,0,20927,3
Model S,201606,US,Cash purchase,75 RWD,70700,0,20927,3
Model S,201606,US,Cash purchase,75 RWD,70700,0,20927,3
Model S,201606,US,Cash purchase,75 RWD,70700,0,20927,3
Model S,201606,US,Cash purchase,75 RWD,70700,0,20927,3
Model S,201606,US,Cash purchase,75 RWD,70700,0,20927,3
Model S,201606,US,Deposit,75 RWD,70700,0,20927,3
Model S,201606,US,Deposit,75 RWD,70700,0,20927,3
Model S,201606,US,Deposit,75 RWD,70700,0,20927,3
Model S,201606,US,Deposit,75 RWD,70700,0,20927,3
Model S,201606,US,Deposit,75 RWD,70700,0,20927,3
Model S,201606,US,Deposit,75 RWD,70700,0,20927,3
Model S,201606,US,Cash purchase,75 RWD,70700,0,20927,3
Model S,201606,US,Cash purchase,75 RWD,70700,0,20927,3
Model S,201606,US,Cash purchase,75 RWD,70700,0,20927,3
Model S,201606,US,Cash purchase,75 RWD,70700,0,20927,3
Model S,201606,US,Cash purchase,75 RWD,70700,0,20927,3
Model S,201606,US,Cash purchase,75 RWD,70700,0,20927,3
Model S,201606,US,Cash purchase,75 RWD,70700,0,20927,3
Model S,201606,US,Cash purchase,75 RWD,70700,0,20927,3
Model S,201606,US,Cash purchase,75 RWD,70700,0,20927,3
Model S,201606,US,Deposit,90D AWD,88700,0,26255,3
Model S,201606,US,Deposit,60D AWD,74200,0,21963,3
Model S,201606,US,Deposit,60D AWD,74200,0,21963,3
Model S,201606,US,Deposit,60D AWD,74200,0,21963,3
Model S,201606,US,Deposit,60D AWD,74200,0,21963,3
Model S,201606,US,Deposit,60D AWD,74200,0,21963,3
Model S,201606,US,Deposit,60D AWD,74200,0,21963,3
Model S,201606,US,Deposit,60D AWD,74200,0,21963,3
Model S,201606,US,Deposit,60D AWD,74200,0,21963,3
Model S,201606,US,Deposit,60D AWD,74200,0,21963,3
Model S,201606,US,Deposit,60D AWD,74200,0,21963,3
Model S,201606,US,Deposit,60D AWD,74200,0,21963,3
Model S,201606,US,Deposit,60D AWD,74200,0,21963,3
Model S,201606,US,Deposit,60D AWD,74200,0,11347,8
Model S,201606,Germany,Deposit,60D AWD,74200,0,11347,8
Model S,201606,Germany,Deposit,90D AWD,88700,0,13565,4
Model S,201606,Germany,Deposit,90D AWD,88700,0,13565,4
Model S,201606,Germany,Cash purchase,90D AWD,88700,0,13565,4
Model S,201606,Germany,Cash purchase,75D AWD,75700,0,11577,2
Model S,201606,Germany,Cash purchase,75D AWD,75700,0,11577,2
Model S,201606,Germany,Cash purchase,75D AWD,75700,0,11577,2
Model S,201606,Germany,Cash purchase,90D AWD,88700,0,13565,4
Model S,201606,Germany,Cash purchase,90D AWD,88700,0,13565,4
Model S,201606,Germany,Cash purchase,60D AWD,74200,0,11347,8
Model S,201606,Germany,Cash purchase,60D AWD,74200,0,11347,8
Model S,201606,Germany,Cash purchase,60D AWD,74200,0,11347,8
Model S,201606,Germany,Deposit,60D AWD,74200,0,11347,8
Model S,201606,Germany,Deposit,60D AWD,74200,0,11347,8
Model S,201606,Germany,Deposit,90D AWD,88700,0,13565,4
Model S,201606,Germany,Deposit,90D AWD,88700,0,13565,4
Model S,201606,Germany,Deposit,75 RWD,70700,0,10812,6
Model S,201606,Germany,Cash purchase,75 RWD,70700,0,10812,6
Model S,201606,Germany,Cash purchase,75 RWD,70700,0,10812,6
Model S,201606,Germany,Cash purchase,75 RWD,70700,0,10812,6
Model S,201606,Germany,Cash purchase,75 RWD,70700,0,10812,6
Model S,201606,Germany,Cash purchase,75 RWD,70700,0,10812,6
Model S,201606,Germany,Cash purchase,75 RWD,70700,0,10812,6
Model S,201606,Germany,Cash purchase,75 RWD,70700,0,10812,6
Model S,201606,Germany,Cash purchase,75 RWD,70700,0,10812,6
Model S,201606,Germany,Cash purchase,75 RWD,70700,0,10812,6
Model S,201606,Germany,Cash purchase,75 RWD,70700,0,10812,6
Model S,201606,Germany,Cash purchase,75 RWD,70700,0,22152,0
Model S,201606,US,Deposit,75 RWD,70700,0,22152,0
Model S,201606,US,Deposit,75 RWD,70700,0,22152,0
Model S,201606,US,Deposit,75 RWD,70700,0,22152,0
Model S,201606,US,Cash purchase,75 RWD,70700,0,22152,0
Model S,201606,US,Cash purchase,75 RWD,70700,0,22152,0
Model S,201606,US,Cash purchase,75 RWD,70700,0,22152,0
Model X,201606,US,Deposit,90D,80000,0,25066,0
Model X,201606,US,Deposit,P90D,74000,0,23186,0
Model X,201606,US,Deposit,P90D,74000,0,23186,0
Model X,201606,US,Cash purchase,P90D,74000,0,23186,0
Model X,201606,US,Cash purchase,90D,80000,0,25066,0
Model X,201606,US,Cash purchase,P90D,74000,0,23186,0
Model X,201606,US,Cash purchase,P90D,74000,0,17642,4
Model X,201606,Germany,Deposit,P90D,74000,0,17642,4
Model X,201606,Germany,Cash purchase,90D,80000,0,19072,9
Model X,201606,Germany,Deposit,P90D,74000,0,17642,4
Model X,201606,Germany,Cash purchase,P90D,74000,0,9169,8
Model X,201606,US,Deposit,P90D,74000,0,9169,8
Model X,201606,US,Deposit,90D,80000,0,9913,3
Model X,201606,US,Deposit,90D,80000,0,9913,3
Model X,201606,US,Deposit,P90D,74000,0,9169,8
Model X,201606,US,Deposit,90D,80000,0,9913,3
Model X,201606,US,Deposit,P90D,74000,0,9169,8
Model X,201606,US,Deposit,P90D,74000,0,9169,8
Model X,201606,US,Deposit,90D,80000,0,9913,3
Model X,201606,US,Cash purchase,90D,80000,0,9913,3
Model X,201606,US,Cash purchase,P90D,74000,0,9169,8
Model X,201606,US,Cash purchase,90D,80000,0,9913,3
Model X,201606,US,Cash purchase,P90D,74000,0,9169,8
Model X,201606,US,Cash purchase,90D,80000,0,9913,3
Model X,201606,US,Cash purchase,P90D,74000,0,9169,8
Model X,201606,US,Cash purchase,P90D,74000,0,9169,8
Model X,201606,US,Cash purchase,P90D,74000,0,9169,8
Model X,201606,US,Cash purchase,P90D,74000,0,9169,8
Model X,201606,US,Cash purchase,P90D,74000,0,9169,8
Model X,201606,US,Cash purchase,P90D,74000,0,9169,8
Model X,201606,US,Cash purchase,90D,80000,0,9913,3
Model X,201606,US,Cash purchase,P90D,74000,0,9169,8
Model X,201606,US,Cash purchase,P90D,74000,0,9169,8
Model S,201606,US,Cash purchase,90D AWD,88700,0,10991,4
Model S,201606,US,Deposit,90D AWD,88700,0,10991,4
Model S,201606,US,Deposit,90D AWD,88700,0,10991,4
Model S,201606,US,Deposit,75 RWD,70700,0,8760,9
Model S,201606,US,Deposit,75 RWD,70700,0,8760,9
Model S,201606,US,Deposit,75 RWD,70700,0,8760,9
Model S,201606,US,Deposit,75 RWD,70700,0,8760,9
Model S,201606,US,Deposit,75 RWD,70700,0,8760,9
Model S,201606,US,Deposit,75 RWD,70700,0,8760,9
Model S,201606,US,Deposit,75 RWD,70700,0,8760,9
Model S,201606,US,Deposit,75 RWD,70700,0,8760,9
Model S,201606,US,Deposit,75 RWD,70700,0,8760,9
Model S,201606,US,Cash purchase,75 RWD,70700,0,8760,9
Model S,201606,US,Cash purchase,75 RWD,70700,0,8760,9
Model S,201606,US,Cash purchase,75 RWD,70700,0,8760,9
Model S,201606,US,Cash purchase,75 RWD,70700,0,8760,9
Model S,201606,US,Cash purchase,75 RWD,70700,0,22273,7
Model S,201606,US,Deposit,75 RWD,70700,0,22273,7
Model S,201606,US,Deposit,75 RWD,70700,0,22273,7
Model S,201606,US,Deposit,75 RWD,70700,0,22273,7
Model S,201606,US,Deposit,75 RWD,70700,0,22273,7
Model S,201606,US,Deposit,75 RWD,70700,0,22273,7
Model S,201606,US,Cash purchase,75 RWD,70700,0,22273,7
Model S,201606,US,Cash purchase,75 RWD,70700,0,22273,7
Model S,201606,US,Cash purchase,75 RWD,70700,0,22273,7
Model S,201606,US,Cash purchase,75 RWD,70700,0,22273,7
Model S,201606,US,Cash purchase,75 RWD,70700,0,22273,7
Model S,201606,US,Cash purchase,75 RWD,70700,0,22273,7
Model S,201606,US,Cash purchase,75 RWD,70700,0,22273,7
Model S,201606,US,Deposit,75 RWD,70700,0,22273,7
Model S,201606,US,Deposit,75 RWD,70700,0,22273,7
Model S,201606,US,Deposit,75 RWD,70700,0,22273,7
Model S,201606,US,Deposit,75 RWD,70700,0,22273,7
Model S,201606,US,Deposit,75 RWD,70700,0,22273,7
Model S,201606,US,Cash purchase,75 RWD,70700,0,22273,7
Model S,201606,US,Cash purchase,75 RWD,70700,0,22273,7
Model S,201606,US,Cash purchase,75 RWD,70700,0,22273,7
Model S,201606,US,Cash purchase,75 RWD,70700,0,22273,7
Model S,201606,US,Cash purchase,75 RWD,70700,0,22273,7
Model S,201606,US,Cash purchase,75 RWD,70700,0,22273,7
Model S,201606,US,Cash purchase,75 RWD,70700,0,22273,7
Model S,201606,US,Cash purchase,75 RWD,70700,0,24754,7
Model S,201606,Germany,Deposit,90D AWD,88700,0,31057,2
Model S,201606,Germany,Deposit,75D AWD,75700,0,26505,4
Model S,201606,Germany,Cash purchase,75D AWD,75700,0,26505,4
Model S,201606,Germany,Cash purchase,75D AWD,75700,0,42439,8
Model S,201606,US,Deposit,75D AWD,75700,0,42439,8
Model S,201606,US,Deposit,75D AWD,75700,0,42439,8
Model S,201606,US,Deposit,75D AWD,75700,0,42439,8
Model S,201606,US,Deposit,75D AWD,75700,0,42439,8
Model S,201606,US,Cash purchase,75D AWD,75700,0,42439,8
Model S,201606,US,Cash purchase,75D AWD,75700,0,42439,8
Model S,201606,US,Cash purchase,75D AWD,75700,0,42439,8
Model S,201606,US,Cash purchase,75D AWD,75700,0,42439,8
Model S,201606,US,Cash purchase,75D AWD,75700,0,42439,8
Model S,201606,US,Cash purchase,90D AWD,88700,0,49728,0
Model S,201606,US,Cash purchase,90D AWD,88700,0,49728,0
Model S,201606,US,Cash purchase,90D AWD,88700,0,49728,0
Model S,201606,US,Cash purchase,90D AWD,88700,0,42487,9
Model S,201606,US,Deposit,60D AWD,74200,0,35542,3
Model S,201606,US,Deposit,90D AWD,88700,0,42487,9
Model S,201606,US,Deposit,60D AWD,74200,0,35542,3
Model S,201606,US,Cash purchase,60D AWD,74200,0,35542,3
Model S,201606,US,Cash purchase,60D AWD,74200,0,35542,3
Model S,201606,US,Cash purchase,60D AWD,74200,0,35542,3
Model S,201606,US,Deposit,60D AWD,74200,0,35542,3
Model S,201606,US,Deposit,60D AWD,74200,0,35542,3
Model S,201606,US,Deposit,60D AWD,74200,0,35542,3
Model S,201606,US,Deposit,60D AWD,74200,0,36012,1
Model S,201606,US,Deposit,60D AWD,74200,0,36012,1
Model S,201606,US,Deposit,60D AWD,74200,0,36012,1
Model S,201606,US,Deposit,60D AWD,74200,0,36012,1
Model S,201606,US,Deposit,60D AWD,74200,0,36012,1
Model S,201606,US,Cash purchase,60D AWD,74200,0,36012,1
Model S,201606,US,Cash purchase,60D AWD,74200,0,36012,1
Model S,201606,US,Cash purchase,60D AWD,74200,0,36012,1
Model S,201606,US,Deposit,60D AWD,74200,0,19569,3
Model S,201606,US,Deposit,60D AWD,74200,0,19569,3
Model S,201606,US,Deposit,60D AWD,74200,0,19569,3
Model S,201606,US,Deposit,90D AWD,88700,0,23393,4
Model S,201606,US,Deposit,75D AWD,75700,0,19964,9
Model S,201606,US,Deposit,75D AWD,75700,0,19964,9
Model S,201606,US,Cash purchase,75D AWD,75700,0,19964,9
Model S,201606,US,Cash purchase,75D AWD,75700,0,19964,9
Model S,201606,US,Cash purchase,75D AWD,75700,0,19964,9
Model S,201606,US,Cash purchase,75D AWD,75700,0,19964,9
Model S,201606,US,Cash purchase,90D AWD,88700,0,23393,4
Model S,201606,US,Cash purchase,90D AWD,88700,0,23393,4
Model S,201606,US,Cash purchase,75 RWD,70700,0,18646,2
Model S,201606,US,Cash purchase,75 RWD,70700,0,18646,2
Model S,201606,US,Cash purchase,75 RWD,70700,0,18646,2
Model S,201606,US,Cash purchase,75 RWD,70700,0,18646,2
Model S,201606,US,Cash purchase,75 RWD,70700,0,18646,2
Model S,201606,US,Cash purchase,75 RWD,70700,0,13722,2
Model S,201606,Australia,Deposit,75 RWD,70700,0,13722,2
Model S,201606,Australia,Deposit,75 RWD,70700,0,13722,2
Model S,201606,Australia,Deposit,75 RWD,70700,0,13722,2
Model S,201606,Australia,Cash purchase,75 RWD,70700,0,13722,2
Model S,201606,Australia,Cash purchase,75 RWD,70700,0,13722,2
Model X,201606,Australia,Cash purchase,P90D,74000,0,14362,7
Model X,201606,Australia,Cash purchase,P90D,74000,0,14362,7
Model X,201606,Australia,Cash purchase,P90D,74000,0,14362,7
Model X,201606,Australia,Cash purchase,P90D,74000,0,14362,7
Model X,201606,Australia,Cash purchase,P90D,74000,0,14362,7
Model X,201606,Australia,Cash purchase,90D,80000,0,15527,2
Model X,201606,Australia,Cash purchase,90D,80000,0,15527,2
Model X,201606,Australia,Cash purchase,P90D,74000,0,14362,7
Model X,201606,Australia,Cash purchase,P90D,74000,0,14362,7
Model X,201606,Australia,Cash purchase,P90D,74000,0,9521,2
Model X,201606,US,Deposit,90D,80000,0,10293,2
Model X,201606,US,Deposit,P90D,74000,0,9521,2
Model X,201606,US,Deposit,90D,80000,0,10293,2
Model X,201606,US,Cash purchase,P90D,74000,0,9521,2
Model X,201606,US,Cash purchase,P90D,74000,0,9521,2
Model X,201606,US,Cash purchase,P90D,74000,0,9521,2
Model X,201606,US,Cash purchase,P90D,74000,0,9521,2
Model X,201606,US,Cash purchase,P90D,74000,0,9521,2
Model X,201606,US,Cash purchase,P90D,74000,0,9521,2
Model X,201606,US,Cash purchase,90D,80000,0,10293,2
Model X,201606,US,Cash purchase,P90D,74000,0,9521,2
Model X,201606,US,Cash purchase,P90D,74000,0,9521,2
Model X,201606,US,Cash purchase,P90D,74000,0,20764,1
Model X,201606,US,Deposit,P90D,74000,0,20764,1
Model X,201606,US,Deposit,P90D,74000,0,20764,1
Model X,201606,US,Deposit,P90D,74000,0,20764,1
Model X,201606,US,Deposit,P90D,74000,0,20764,1
Model X,201606,US,Cash purchase,90D,80000,0,22447,6
Model X,201606,US,Cash purchase,90D,80000,0,22447,6
Model X,201606,US,Cash purchase,P90D,74000,0,20764,1
Model X,201606,US,Cash purchase,P90D,74000,0,20764,1
Model X,201606,US,Cash purchase,P90D,74000,0,20764,1
Model X,201606,US,Cash purchase,90D,80000,0,14345,3
Model X,201606,US,Deposit,90D,80000,0,14345,3
Model X,201606,US,Deposit,P90D,74000,0,13269,4
Model X,201606,US,Deposit,90D,80000,0,14345,3
Model X,201606,US,Deposit,P90D,74000,0,13269,4
Model X,201606,US,Cash purchase,90D,80000,0,14345,3
Model X,201606,US,Cash purchase,P90D,74000,0,13269,4
Model X,201606,US,Cash purchase,P90D,74000,0,13269,4
Model X,201606,US,Cash purchase,P90D,74000,0,7178,6
Model X,201606,US,Deposit,P90D,74000,0,7178,6
Model X,201606,US,Deposit,P90D,74000,0,7178,6
Model X,201606,US,Deposit,P90D,74000,0,7178,6
Model X,201606,US,Deposit,90D,80000,0,7760,6
Model X,201606,US,Deposit,P90D,74000,0,7178,6
Model X,201606,US,Deposit,P90D,74000,0,7178,6
Model X,201606,US,Deposit,P90D,74000,0,21904,1
Model X,201607,US,Deposit,P90D,74000,0,21904,1
Model X,201607,US,Deposit,P90D,74000,0,21904,1
Model X,201607,US,Deposit,P90D,74000,0,21904,1
Model X,201607,US,Deposit,P90D,74000,0,21904,1
Model X,201607,US,Cash purchase,P90D,74000,0,21904,1
Model X,201607,US,Cash purchase,90D,80000,0,23680,1
Model X,201607,US,Cash purchase,90D,80000,0,23680,1
Model X,201607,US,Cash purchase,90D,80000,0,23680,1
Model X,201607,US,Cash purchase,P90D,74000,0,21904,1
Model S,201607,US,Cash purchase,75 RWD,70700,0,20927,3
Model S,201607,US,Cash purchase,75 RWD,70700,0,20927,3
Model S,201607,US,Cash purchase,75 RWD,70700,0,20927,3
Model S,201607,US,Cash purchase,75 RWD,70700,0,20927,3
Model S,201607,US,Cash purchase,75 RWD,70700,0,20927,3
Model S,201607,US,Cash purchase,75 RWD,70700,0,20927,3
Model S,201607,US,Deposit,75 RWD,70700,0,20927,3
Model S,201607,US,Deposit,75 RWD,70700,0,20927,3
Model S,201607,US,Deposit,75 RWD,70700,0,20927,3
Model S,201607,US,Deposit,75 RWD,70700,0,20927,3
Model S,201607,US,Deposit,75 RWD,70700,0,20927,3
Model S,201607,US,Deposit,75 RWD,70700,0,20927,3
Model S,201607,US,Cash purchase,75 RWD,70700,0,20927,3
Model S,201607,US,Cash purchase,75 RWD,70700,0,20927,3
Model S,201607,US,Cash purchase,75 RWD,70700,0,20927,3
Model S,201607,US,Cash purchase,75 RWD,70700,0,20927,3
Model S,201607,US,Cash purchase,75 RWD,70700,0,20927,3
Model S,201607,US,Cash purchase,75 RWD,70700,0,20927,3
Model S,201607,US,Cash purchase,75 RWD,70700,0,20927,3
Model S,201607,US,Cash purchase,75 RWD,70700,0,20927,3
Model S,201607,US,Cash purchase,75 RWD,70700,0,20927,3
Model S,201607,US,Deposit,90D AWD,88700,0,26255,3
Model S,201607,US,Deposit,60D AWD,74200,0,21963,3
Model S,201607,US,Deposit,60D AWD,74200,0,21963,3
Model S,201607,US,Deposit,60D AWD,74200,0,21963,3
Model S,201607,US,Deposit,60D AWD,74200,0,21963,3
Model S,201607,US,Deposit,60D AWD,74200,0,21963,3
Model S,201607,US,Deposit,60D AWD,74200,0,21963,3
Model S,201607,US,Deposit,60D AWD,74200,0,21963,3
Model S,201607,US,Deposit,60D AWD,74200,0,21963,3
Model S,201607,US,Deposit,60D AWD,74200,0,21963,3
Model S,201607,US,Deposit,60D AWD,74200,0,21963,3
Model S,201607,US,Deposit,60D AWD,74200,0,21963,3
Model S,201607,US,Deposit,60D AWD,74200,0,21963,3
Model S,201607,US,Deposit,60D AWD,74200,0,11347,8
Model S,201607,Germany,Cash purchase,90D AWD,88700,0,13565,4
Model S,201607,Germany,Cash purchase,75D AWD,75700,0,11577,2
Model S,201607,Germany,Cash purchase,60D AWD,74200,0,11347,8
Model S,201607,Germany,Deposit,60D AWD,74200,0,11347,8
Model S,201607,Germany,Cash purchase,75 RWD,70700,0,10812,6
Model S,201607,Germany,Cash purchase,75 RWD,70700,0,10812,6
Model S,201607,Germany,Cash purchase,75 RWD,70700,0,10812,6
Model S,201607,Germany,Cash purchase,75 RWD,70700,0,10812,6
Model S,201607,Germany,Cash purchase,75 RWD,70700,0,10812,6
Model S,201607,Germany,Cash purchase,75 RWD,70700,0,10812,6
Model S,201607,Germany,Cash purchase,75 RWD,70700,0,10812,6
Model S,201607,Germany,Cash purchase,75 RWD,70700,0,10812,6
Model S,201607,US,Deposit,75 RWD,70700,0,22152,0
Model S,201607,US,Deposit,75 RWD,70700,0,22152,0
Model S,201607,US,Deposit,75 RWD,70700,0,22152,0
Model S,201607,US,Cash purchase,75 RWD,70700,0,22152,0
Model S,201607,US,Cash purchase,75 RWD,70700,0,22152,0
Model S,201607,US,Cash purchase,75 RWD,70700,0,22152,0
Model S,201607,US,Deposit,75 RWD,70700,0,22152,0
Model S,201607,US,Deposit,75 RWD,70700,0,22152,0
Model S,201607,US,Deposit,75 RWD,70700,0,22152,0
Model S,201607,US,Cash purchase,75 RWD,70700,0,22152,0
Model S,201607,US,Cash purchase,75 RWD,70700,0,22152,0
Model S,201607,US,Cash purchase,75 RWD,70700,0,16855,6
Model S,201607,Germany,Deposit,75 RWD,70700,0,16855,6
Model S,201607,Germany,Deposit,90D AWD,88700,0,21147,0
Model S,201607,Germany,Cash purchase,60D AWD,74200,0,17690,1
Model S,201607,Germany,Cash purchase,60D AWD,74200,0,9194,6
Model S,201607,US,Deposit,90D AWD,88700,0,10991,4
Model S,201607,US,Deposit,90D AWD,88700,0,10991,4
Model S,201607,US,Deposit,75D AWD,75700,0,9380,5
Model S,201607,US,Deposit,75D AWD,75700,0,9380,5
Model S,201607,US,Deposit,75D AWD,75700,0,9380,5
Model S,201607,US,Deposit,75D AWD,75700,0,9380,5
Model S,201607,US,Deposit,75D AWD,75700,0,9380,5
Model S,201607,US,Deposit,75D AWD,75700,0,9380,5
Model S,201607,US,Cash purchase,75D AWD,75700,0,9380,5
Model S,201607,US,Cash purchase,75D AWD,75700,0,9380,5
Model S,201607,US,Cash purchase,75D AWD,75700,0,9380,5
Model S,201607,US,Cash purchase,75D AWD,75700,0,9380,5
Model S,201607,US,Cash purchase,75D AWD,75700,0,9380,5
Model S,201607,US,Cash purchase,90D AWD,88700,0,10991,4
Model S,201607,US,Cash purchase,90D AWD,88700,0,10991,4
Model S,201607,US,Cash purchase,75D AWD,75700,0,9380,5
Model S,201607,US,Cash purchase,75D AWD,75700,0,9380,5
Model S,201607,US,Cash purchase,75D AWD,75700,0,9380,5
Model S,201607,US,Cash purchase,75D AWD,75700,0,9380,5
Model S,201607,US,Cash purchase,75D AWD,75700,0,9380,5
Model S,201607,US,Cash purchase,75D AWD,75700,0,9380,5
Model S,201607,US,Cash purchase,75D AWD,75700,0,9380,5
Model S,201607,US,Cash purchase,90D AWD,88700,0,10991,4
Model S,201607,US,Deposit,90D AWD,88700,0,10991,4
Model S,201607,US,Deposit,90D AWD,88700,0,10991,4
Model S,201607,US,Deposit,75 RWD,70700,0,8760,9
Model X,201607,US,Deposit,P90D,74000,0,9169,8
Model X,201607,US,Deposit,90D,80000,0,9913,3
Model X,201607,US,Deposit,90D,80000,0,9913,3
Model X,201607,US,Deposit,P90D,74000,0,9169,8
Model X,201607,US,Deposit,P90D,74000,0,9169,8
Model X,201607,US,Deposit,P90D,74000,0,9169,8
Model X,201607,US,Deposit,P90D,74000,0,9169,8
Model X,201607,US,Deposit,90D,80000,0,9913,3
Model X,201607,US,Deposit,90D,80000,0,9913,3
Model X,201607,US,Cash purchase,P90D,74000,0,9169,8
Model X,201607,US,Cash purchase,90D,80000,0,9913,3
Model X,201607,US,Cash purchase,P90D,74000,0,9169,8
Model X,201607,US,Cash purchase,90D,80000,0,9913,3
Model X,201607,US,Cash purchase,P90D,74000,0,23313,4
Model X,201607,US,Deposit,P90D,74000,0,23313,4
Model X,201607,US,Deposit,P90D,74000,0,23313,4
Model X,201607,US,Deposit,P90D,74000,0,23313,4
Model X,201607,US,Deposit,P90D,74000,0,23313,4
Model X,201607,US,Deposit,P90D,74000,0,23313,4
Model X,201607,US,Cash purchase,90D,80000,0,25203,6
Model X,201607,US,Cash purchase,P90D,74000,0,23313,4
Model X,201607,US,Cash purchase,P90D,74000,0,23313,4
Model X,201607,US,Cash purchase,P90D,74000,0,23313,4
Model X,201607,US,Cash purchase,P90D,74000,0,23313,4
Model X,201607,US,Cash purchase,90D,80000,0,25203,6
Model X,201607,US,Cash purchase,P90D,74000,0,23313,4
Model X,201607,US,Cash purchase,P90D,74000,0,23313,4
Model X,201607,US,Deposit,P90D,74000,0,23313,4
Model X,201607,US,Deposit,90D,80000,0,25203,6
Model X,201607,US,Deposit,90D,80000,0,25203,6
Model X,201607,US,Deposit,P90D,74000,0,23313,4
Model X,201607,US,Deposit,P90D,74000,0,23313,4
Model X,201607,US,Cash purchase,P90D,74000,0,23313,4
Model X,201607,US,Cash purchase,90D,80000,0,25203,6
Model X,201607,US,Cash purchase,90D,80000,0,25203,6
Model X,201607,US,Cash purchase,P90D,74000,0,23313,4
Model X,201607,US,Cash purchase,90D,80000,0,25203,6
Model X,201607,US,Cash purchase,P90D,74000,0,23313,4
Model X,201607,US,Cash purchase,90D,80000,0,25203,6
Model X,201607,US,Cash purchase,P90D,74000,0,25910,2
Model X,201607,Germany,Deposit,P90D,74000,0,25910,2
Model X,201607,Germany,Deposit,P90D,74000,0,25910,2
Model X,201607,Germany,Cash purchase,P90D,74000,0,25910,2
Model X,201607,Germany,Cash purchase,90D,80000,0,28011,0
Model X,201607,Germany,Cash purchase,P90D,74000,0,41486,7
Model X,201607,US,Deposit,P90D,74000,0,41486,7
Model X,201607,US,Deposit,P90D,74000,0,41486,7
Model X,201607,US,Deposit,P90D,74000,0,41486,7
Model X,201607,US,Deposit,P90D,74000,0,41486,7
Model X,201607,US,Cash purchase,P90D,74000,0,41486,7
Model X,201607,US,Cash purchase,P90D,74000,0,41486,7
Model X,201607,US,Cash purchase,90D,80000,0,44850,5
Model X,201607,US,Cash purchase,90D,80000,0,44850,5
Model X,201607,US,Cash purchase,P90D,74000,0,41486,7
Model X,201607,US,Cash purchase,P90D,74000,0,41486,7
Model X,201607,US,Cash purchase,P90D,74000,0,41486,7
Model X,201607,US,Cash purchase,P90D,74000,0,41486,7
Model X,201607,US,Cash purchase,90D,80000,0,44850,5
Model X,201607,US,Cash purchase,90D,80000,0,38320,5
Model X,201607,US,Deposit,P90D,74000,0,35446,5
Model X,201607,US,Deposit,90D,80000,0,38320,5
Model X,201607,US,Deposit,90D,80000,0,38320,5
Model X,201607,US,Cash purchase,P90D,74000,0,35446,5
Model X,201607,US,Cash purchase,P90D,74000,0,35446,5
Model X,201607,US,Cash purchase,90D,80000,0,38320,5
Model X,201607,US,Cash purchase,P90D,74000,0,35446,5
Model X,201607,US,Deposit,P90D,74000,0,35446,5
Model X,201607,US,Deposit,P90D,74000,0,35446,5
Model X,201607,US,Deposit,P90D,74000,0,35446,5
Model X,201607,US,Deposit,P90D,74000,0,35915,0
Model X,201607,US,Deposit,P90D,74000,0,35915,0
Model X,201607,US,Deposit,90D,80000,0,38827,1
Model X,201607,US,Deposit,P90D,74000,0,35915,0
Model X,201607,US,Deposit,P90D,74000,0,35915,0
Model X,201607,US,Cash purchase,P90D,74000,0,35915,0
Model X,201607,US,Cash purchase,P90D,74000,0,35915,0
Model X,201607,US,Cash purchase,P90D,74000,0,35915,0
Model X,201607,US,Deposit,P90D,74000,0,19516,5
Model X,201607,US,Deposit,P90D,74000,0,19516,5
Model S,201607,US,Deposit,60D AWD,74200,0,19569,3
Model S,201607,US,Deposit,90D AWD,88700,0,23393,4
Model S,201607,US,Deposit,75D AWD,75700,0,19964,9
Model S,201607,US,Deposit,75D AWD,75700,0,19964,9
Model S,201607,US,Cash purchase,75D AWD,75700,0,19964,9
Model S,201607,US,Cash purchase,75D AWD,75700,0,19964,9
Model S,201607,US,Cash purchase,75D AWD,75700,0,19964,9
Model S,201607,US,Cash purchase,75D AWD,75700,0,19964,9
Model S,201607,US,Cash purchase,90D AWD,88700,0,23393,4
Model S,201607,US,Cash purchase,90D AWD,88700,0,23393,4
Model S,201607,US,Cash purchase,75 RWD,70700,0,18646,2
Model S,201607,US,Cash purchase,75 RWD,70700,0,18646,2
Model S,201607,US,Cash purchase,75 RWD,70700,0,18646,2
Model S,201607,US,Cash purchase,75 RWD,70700,0,18646,2
Model S,201607,US,Cash purchase,75 RWD,70700,0,18646,2
Model S,201607,US,Cash purchase,75 RWD,70700,0,13722,2
Model S,201607,Australia,Deposit,75 RWD,70700,0,13722,2
Model S,201607,Australia,Deposit,75 RWD,70700,0,13722,2
Model S,201607,Australia,Deposit,75 RWD,70700,0,13722,2
Model S,201607,Australia,Cash purchase,75 RWD,70700,0,13722,2
Model S,201607,Australia,Cash purchase,75 RWD,70700,0,13722,2
Model S,201607,Australia,Cash purchase,75 RWD,70700,0,13722,2
Model S,201607,Australia,Cash purchase,75 RWD,70700,0,13722,2
Model S,201607,Australia,Cash purchase,75 RWD,70700,0,13722,2
Model S,201607,Australia,Cash purchase,75 RWD,70700,0,13722,2
Model S,201607,Australia,Cash purchase,75 RWD,70700,0,13722,2
Model S,201607,Australia,Cash purchase,75 RWD,70700,0,13722,2
Model S,201607,Australia,Cash purchase,75 RWD,70700,0,13722,2
Model S,201607,Australia,Cash purchase,75 RWD,70700,0,13722,2
Model S,201607,Australia,Cash purchase,75 RWD,70700,0,9096,6
Model S,201607,US,Deposit,75 RWD,70700,0,9096,6
Model S,201607,US,Deposit,75 RWD,70700,0,9096,6
Model S,201607,US,Deposit,75 RWD,70700,0,9096,6
Model S,201607,US,Cash purchase,75 RWD,70700,0,9096,6
Model S,201607,US,Cash purchase,75 RWD,70700,0,9096,6
Model S,201607,US,Cash purchase,75 RWD,70700,0,9096,6
Model S,201607,US,Cash purchase,75 RWD,70700,0,9096,6
Model S,201607,US,Cash purchase,75 RWD,70700,0,9096,6
Model S,201607,US,Cash purchase,75 RWD,70700,0,9096,6
Model S,201607,US,Cash purchase,75 RWD,70700,0,9096,6
Model S,201607,US,Cash purchase,75 RWD,70700,0,9096,6
Model S,201607,US,Cash purchase,75 RWD,70700,0,9096,6
Model S,201607,US,Cash purchase,75 RWD,70700,0,19838,1
Model S,201607,US,Deposit,75 RWD,70700,0,19838,1
Model S,201607,US,Deposit,75 RWD,70700,0,19838,1
Model S,201607,US,Deposit,75 RWD,70700,0,19838,1
Model S,201607,US,Deposit,60D AWD,74200,0,20820,2
Model S,201607,US,Cash purchase,60D AWD,74200,0,20820,2
Model S,201607,US,Cash purchase,60D AWD,74200,0,20820,2
Model S,201607,US,Cash purchase,60D AWD,74200,0,20820,2
Model S,201607,US,Cash purchase,60D AWD,74200,0,20820,2
Model S,201607,US,Cash purchase,60D AWD,74200,0,20820,2
Model S,201607,US,Cash purchase,60D AWD,74200,0,13305,3
Model S,201607,US,Deposit,60D AWD,74200,0,13305,3
Model S,201607,US,Deposit,60D AWD,74200,0,13305,3
Model S,201607,US,Deposit,60D AWD,74200,0,13305,3
Model S,201607,US,Deposit,60D AWD,74200,0,13305,3
Model S,201607,US,Cash purchase,60D AWD,74200,0,13305,3
Model S,201607,US,Cash purchase,60D AWD,74200,0,13305,3
Model S,201607,US,Cash purchase,60D AWD,74200,0,13305,3
Model S,201607,US,Cash purchase,60D AWD,74200,0,7198,0
Model S,201607,US,Deposit,60D AWD,74200,0,7198,0
Model S,201607,US,Deposit,60D AWD,74200,0,7198,0
Model S,201607,US,Deposit,60D AWD,74200,0,7198,0
Model S,201607,US,Deposit,60D AWD,74200,0,7198,0
Model S,201607,US,Deposit,60D AWD,74200,0,7198,0
Model S,201607,US,Deposit,60D AWD,74200,0,7198,0
Model S,201607,US,Deposit,60D AWD,74200,0,21963,3
Model S,201608,US,Deposit,60D AWD,74200,0,21963,3
Model S,201608,US,Deposit,60D AWD,74200,0,21963,3
Model S,201608,US,Deposit,60D AWD,74200,0,21963,3
Model S,201608,US,Deposit,75D AWD,75700,0,22407,3
Model S,201608,US,Cash purchase,75D AWD,75700,0,22407,3
Model S,201608,US,Cash purchase,75 RWD,70700,0,20927,3
Model S,201608,US,Cash purchase,75 RWD,70700,0,20927,3
Model S,201608,US,Cash purchase,75 RWD,70700,0,20927,3
Model S,201608,US,Cash purchase,75 RWD,70700,0,20927,3
Model S,201608,US,Cash purchase,75 RWD,70700,0,20927,3
Model S,201608,US,Cash purchase,75 RWD,70700,0,20927,3
Model S,201608,US,Cash purchase,75 RWD,70700,0,20927,3
Model S,201608,US,Cash purchase,75 RWD,70700,0,20927,3
Model S,201608,US,Cash purchase,75 RWD,70700,0,20927,3
Model S,201608,US,Deposit,75 RWD,70700,0,20927,3
Model S,201608,US,Deposit,75 RWD,70700,0,20927,3
Model S,201608,US,Deposit,75 RWD,70700,0,20927,3
Model S,201608,US,Deposit,75 RWD,70700,0,20927,3
Model S,201608,US,Deposit,75 RWD,70700,0,20927,3
Model S,201608,US,Deposit,75 RWD,70700,0,20927,3
Model S,201608,US,Cash purchase,75 RWD,70700,0,20927,3
Model S,201608,US,Cash purchase,75 RWD,70700,0,20927,3
Model S,201608,US,Cash purchase,75 RWD,70700,0,20927,3
Model S,201608,US,Cash purchase,75 RWD,70700,0,20927,3
Model S,201608,US,Cash purchase,75 RWD,70700,0,20927,3
Model S,201608,US,Cash purchase,75 RWD,70700,0,20927,3
Model S,201608,US,Cash purchase,75 RWD,70700,0,20927,3
Model S,201608,US,Cash purchase,75 RWD,70700,0,20927,3
Model S,201608,US,Cash purchase,75 RWD,70700,0,20927,3
Model S,201608,US,Deposit,90D AWD,88700,0,26255,3
Model S,201608,US,Deposit,60D AWD,74200,0,21963,3
Model S,201608,US,Deposit,60D AWD,74200,0,21963,3
Model S,201608,US,Deposit,60D AWD,74200,0,21963,3
Model S,201608,US,Deposit,60D AWD,74200,0,21963,3
Model S,201608,US,Deposit,60D AWD,74200,0,21963,3
Model S,201608,US,Deposit,60D AWD,74200,0,21963,3
Model S,201608,US,Deposit,60D AWD,74200,0,21963,3
Model S,201608,US,Deposit,60D AWD,74200,0,21963,3
Model S,201608,US,Deposit,60D AWD,74200,0,21963,3
Model S,201608,US,Deposit,60D AWD,74200,0,21963,3
Model S,201608,US,Deposit,60D AWD,74200,0,21963,3
Model S,201608,US,Deposit,60D AWD,74200,0,21963,3
Model S,201608,US,Deposit,60D AWD,74200,0,11347,8
Model S,201608,Germany,Deposit,60D AWD,74200,0,11347,8
Model S,201608,Germany,Deposit,90D AWD,88700,0,13565,4
Model S,201608,Germany,Cash purchase,90D AWD,88700,0,13565,4
Model S,201608,Germany,Cash purchase,90D AWD,88700,0,13565,4
Model S,201608,Germany,Cash purchase,90D AWD,88700,0,13565,4
Model S,201608,Germany,Cash purchase,60D AWD,74200,0,11347,8
Model S,201608,Germany,Cash purchase,60D AWD,74200,0,11347,8
Model S,201608,Germany,Deposit,60D AWD,74200,0,11347,8
Model S,201608,Germany,Deposit,75 RWD,70700,0,10812,6
Model S,201608,Germany,Cash purchase,75 RWD,70700,0,10812,6
Model S,201608,Germany,Cash purchase,75 RWD,70700,0,10812,6
Model S,201608,Germany,Cash purchase,75 RWD,70700,0,10812,6
Model S,201608,Germany,Cash purchase,75 RWD,70700,0,10812,6
Model X,201608,Germany,Cash purchase,90D,80000,0,12234,9
Model X,201608,Germany,Cash purchase,P90D,74000,0,11317,2
Model X,201608,Germany,Cash purchase,P90D,74000,0,11317,2
Model X,201608,Germany,Cash purchase,90D,80000,0,12234,9
Model X,201608,Germany,Cash purchase,P90D,74000,0,23186,0
Model X,201608,US,Deposit,P90D,74000,0,23186,0
Model X,201608,US,Deposit,90D,80000,0,25066,0
Model X,201608,US,Deposit,90D,80000,0,25066,0
Model X,201608,US,Cash purchase,P90D,74000,0,23186,0
Model X,201608,US,Cash purchase,90D,80000,0,25066,0
Model X,201608,US,Cash purchase,P90D,74000,0,23186,0
Model X,201608,US,Deposit,90D,80000,0,25066,0
Model X,201608,US,Deposit,P90D,74000,0,23186,0
Model X,201608,US,Deposit,P90D,74000,0,23186,0
Model X,201608,US,Cash purchase,P90D,74000,0,23186,0
Model X,201608,US,Cash purchase,90D,80000,0,25066,0
Model X,201608,US,Cash purchase,P90D,74000,0,23186,0
Model X,201608,US,Cash purchase,P90D,74000,0,17642,4
Model X,201608,Germany,Deposit,P90D,74000,0,17642,4
Model X,201608,Germany,Deposit,P90D,74000,0,17642,4
Model X,201608,Germany,Cash purchase,P90D,74000,0,17642,4
Model X,201608,Germany,Cash purchase,P90D,74000,0,9169,8
Model X,201608,US,Deposit,P90D,74000,0,9169,8
Model X,201608,US,Deposit,90D,80000,0,9913,3
Model X,201608,US,Deposit,90D,80000,0,9913,3
Model X,201608,US,Deposit,P90D,74000,0,9169,8
Model X,201608,US,Deposit,90D,80000,0,9913,3
Model X,201608,US,Deposit,P90D,74000,0,9169,8
Model X,201608,US,Deposit,P90D,74000,0,9169,8
Model X,201608,US,Deposit,90D,80000,0,9913,3
Model X,201608,US,Cash purchase,90D,80000,0,9913,3
Model X,201608,US,Cash purchase,P90D,74000,0,9169,8
Model X,201608,US,Cash purchase,90D,80000,0,9913,3
Model X,201608,US,Cash purchase,P90D,74000,0,9169,8
Model X,201608,US,Cash purchase,90D,80000,0,9913,3
Model X,201608,US,Cash purchase,P90D,74000,0,9169,8
Model X,201608,US,Cash purchase,P90D,74000,0,9169,8
Model X,201608,US,Cash purchase,P90D,74000,0,9169,8
Model X,201608,US,Cash purchase,P90D,74000,0,9169,8
Model X,201608,US,Cash purchase,P90D,74000,0,9169,8
Model X,201608,US,Cash purchase,P90D,74000,0,9169,8
Model X,201608,US,Cash purchase,90D,80000,0,9913,3
Model X,201608,US,Cash purchase,P90D,74000,0,9169,8
Model X,201608,US,Cash purchase,P90D,74000,0,9169,8
Model X,201608,US,Cash purchase,P90D,74000,0,9169,8
Model X,201608,US,Deposit,P90D,74000,0,9169,8
Model X,201608,US,Deposit,P90D,74000,0,9169,8
Model X,201608,US,Deposit,P90D,74000,0,9169,8
Model X,201608,US,Deposit,90D,80000,0,9913,3
Model X,201608,US,Deposit,P90D,74000,0,9169,8
Model X,201608,US,Deposit,90D,80000,0,9913,3
Model X,201608,US,Deposit,90D,80000,0,9913,3
Model X,201608,US,Deposit,P90D,74000,0,9169,8
Model X,201608,US,Deposit,P90D,74000,0,9169,8
Model X,201608,US,Deposit,P90D,74000,0,9169,8
Model X,201608,US,Deposit,P90D,74000,0,9169,8
Model X,201608,US,Deposit,90D,80000,0,9913,3
Model X,201608,US,Deposit,90D,80000,0,9913,3
Model X,201608,US,Cash purchase,P90D,74000,0,9169,8
Model X,201608,US,Cash purchase,90D,80000,0,9913,3
Model X,201608,US,Cash purchase,P90D,74000,0,9169,8
Model X,201608,US,Cash purchase,90D,80000,0,9913,3
Model X,201608,US,Cash purchase,P90D,74000,0,23313,4
Model X,201608,US,Deposit,P90D,74000,0,23313,4
Model X,201608,US,Deposit,P90D,74000,0,23313,4
Model X,201608,US,Deposit,P90D,74000,0,23313,4
Model X,201608,US,Deposit,P90D,74000,0,23313,4
Model X,201608,US,Deposit,P90D,74000,0,23313,4
Model X,201608,US,Cash purchase,90D,80000,0,25203,6
Model X,201608,US,Cash purchase,P90D,74000,0,23313,4
Model X,201608,US,Cash purchase,P90D,74000,0,23313,4
Model X,201608,US,Cash purchase,P90D,74000,0,23313,4
Model X,201608,US,Cash purchase,P90D,74000,0,23313,4
Model X,201608,US,Cash purchase,90D,80000,0,25203,6
Model X,201608,US,Cash purchase,P90D,74000,0,23313,4
Model X,201608,US,Cash purchase,P90D,74000,0,23313,4
Model X,201608,US,Deposit,P90D,74000,0,23313,4
Model X,201608,US,Deposit,90D,80000,0,25203,6
Model X,201608,US,Deposit,90D,80000,0,25203,6
Model X,201608,US,Deposit,P90D,74000,0,23313,4
Model X,201608,US,Deposit,P90D,74000,0,23313,4
Model X,201608,US,Cash purchase,P90D,74000,0,23313,4
Model X,201608,US,Cash purchase,90D,80000,0,25203,6
Model X,201608,US,Cash purchase,90D,80000,0,25203,6
Model X,201608,US,Cash purchase,P90D,74000,0,23313,4
Model X,201608,US,Cash purchase,90D,80000,0,25203,6
Model X,201608,US,Cash purchase,P90D,74000,0,23313,4
Model X,201608,US,Cash purchase,90D,80000,0,25203,6
Model X,201608,US,Cash purchase,P90D,74000,0,25910,2
Model X,201608,Germany,Deposit,P90D,74000,0,25910,2
Model X,201608,Germany,Deposit,P90D,74000,0,25910,2
Model X,201608,Germany,Cash purchase,P90D,74000,0,25910,2
Model X,201608,US,Deposit,P90D,74000,0,41486,7
Model X,201608,US,Deposit,P90D,74000,0,41486,7
Model X,201608,US,Deposit,P90D,74000,0,41486,7
Model X,201608,US,Deposit,P90D,74000,0,41486,7
Model X,201608,US,Cash purchase,P90D,74000,0,41486,7
Model X,201608,US,Cash purchase,P90D,74000,0,41486,7
Model X,201608,US,Cash purchase,90D,80000,0,44850,5
Model X,201608,US,Cash purchase,90D,80000,0,44850,5
Model X,201608,US,Cash purchase,P90D,74000,0,41486,7
Model X,201608,US,Cash purchase,P90D,74000,0,41486,7
Model X,201608,US,Cash purchase,P90D,74000,0,41486,7
Model X,201608,US,Cash purchase,P90D,74000,0,41486,7
Model X,201608,US,Cash purchase,90D,80000,0,44850,5
Model X,201608,US,Cash purchase,90D,80000,0,38320,5
Model X,201608,US,Deposit,P90D,74000,0,35446,5
Model X,201608,US,Deposit,90D,80000,0,38320,5
Model X,201608,US,Deposit,90D,80000,0,38320,5
Model X,201608,US,Cash purchase,P90D,74000,0,35446,5
Model X,201608,US,Cash purchase,P90D,74000,0,35446,5
Model X,201608,US,Cash purchase,90D,80000,0,38320,5
Model X,201608,US,Cash purchase,P90D,74000,0,35446,5
Model X,201608,US,Deposit,P90D,74000,0,35446,5
Model X,201608,US,Deposit,P90D,74000,0,35446,5
Model X,201608,US,Deposit,P90D,74000,0,35446,5
Model X,201608,US,Deposit,P90D,74000,0,35915,0
Model X,201608,US,Deposit,P90D,74000,0,35915,0
Model X,201608,US,Deposit,90D,80000,0,38827,1
Model X,201608,US,Deposit,P90D,74000,0,35915,0
Model X,201608,US,Deposit,P90D,74000,0,35915,0
Model X,201608,US,Cash purchase,P90D,74000,0,35915,0
Model X,201608,US,Cash purchase,P90D,74000,0,35915,0
Model X,201608,US,Cash purchase,P90D,74000,0,35915,0
Model X,201608,US,Deposit,P90D,74000,0,19516,5
Model X,201608,US,Deposit,P90D,74000,0,19516,5
Model X,201608,US,Deposit,90D,80000,0,21098,9
Model X,201608,US,Deposit,90D,80000,0,21098,9
Model X,201608,US,Deposit,P90D,74000,0,19516,5
Model X,201608,US,Deposit,P90D,74000,0,19516,5
Model X,201608,US,Cash purchase,P90D,74000,0,19516,5
Model X,201608,US,Cash purchase,90D,80000,0,21098,9
Model X,201608,US,Cash purchase,90D,80000,0,21098,9
Model X,201608,US,Cash purchase,P90D,74000,0,19516,5
Model X,201608,US,Cash purchase,90D,80000,0,21098,9
Model X,201608,US,Cash purchase,P90D,74000,0,19516,5
Model X,201608,US,Cash purchase,90D,80000,0,21098,9
Model X,201608,US,Cash purchase,P90D,74000,0,19516,5
Model X,201608,US,Cash purchase,P90D,74000,0,19516,5
Model X,201608,US,Cash purchase,P90D,74000,0,19516,5
Model X,201608,US,Cash purchase,P90D,74000,0,19516,5
Model X,201608,US,Cash purchase,P90D,74000,0,14362,7
Model X,201608,Australia,Deposit,P90D,74000,0,14362,7
Model X,201608,Australia,Deposit,90D,80000,0,15527,2
Model X,201608,Australia,Deposit,P90D,74000,0,14362,7
Model X,201608,Australia,Cash purchase,P90D,74000,0,14362,7
Model X,201608,Australia,Cash purchase,P90D,74000,0,14362,7
Model X,201608,Australia,Cash purchase,P90D,74000,0,14362,7
Model X,201608,Australia,Cash purchase,P90D,74000,0,14362,7
Model X,201608,Australia,Cash purchase,P90D,74000,0,14362,7
Model X,201608,Australia,Cash purchase,P90D,74000,0,14362,7
Model X,201608,Australia,Cash purchase,P90D,74000,0,14362,7
Model X,201608,Australia,Cash purchase,90D,80000,0,15527,2
Model X,201608,Australia,Cash purchase,90D,80000,0,15527,2
Model X,201608,Australia,Cash purchase,P90D,74000,0,14362,7
Model X,201608,Australia,Cash purchase,P90D,74000,0,14362,7
Model X,201608,Australia,Cash purchase,P90D,74000,0,17642,4
Model X,201609,Germany,Deposit,P90D,74000,0,17642,4
Model X,201609,Germany,Deposit,P90D,74000,0,9521,2
Model X,201609,US,Deposit,P90D,74000,0,23186,0
Model X,201610,US,Deposit,90D,80000,0,25066,0
Model X,201610,US,Deposit,90D,80000,0,25066,0
Model X,201610,US,Cash purchase,P90D,74000,0,23186,0
Model X,201610,US,Cash purchase,90D,80000,0,25066,0
Model X,201610,US,Cash purchase,P90D,74000,0,23186,0
Model X,201610,US,Deposit,90D,80000,0,25066,0
Model X,201610,US,Deposit,P90D,74000,0,23186,0
Model X,201610,US,Deposit,P90D,74000,0,23186,0
Model X,201610,US,Cash purchase,P90D,74000,0,23186,0
Model X,201610,US,Cash purchase,90D,80000,0,25066,0
Model X,201610,US,Cash purchase,P90D,74000,0,23186,0
Model X,201610,US,Cash purchase,P90D,74000,0,17642,4
Model X,201610,Germany,Deposit,P90D,74000,0,17642,4
Model X,201610,Germany,Cash purchase,90D,80000,0,19072,9
Model X,201610,Germany,Deposit,P90D,74000,0,17642,4
Model X,201610,Germany,Cash purchase,P90D,74000,0,17642,4
Model X,201610,US,Deposit,P90D,74000,0,9169,8
Model X,201610,US,Deposit,90D,80000,0,9913,3
Model X,201610,US,Deposit,90D,80000,0,9913,3
Model X,201610,US,Deposit,P90D,74000,0,9169,8
Model X,201610,US,Deposit,90D,80000,0,9913,3
Model X,201610,US,Deposit,P90D,74000,0,9169,8
Model X,201610,US,Deposit,P90D,74000,0,9169,8
Model X,201610,US,Deposit,90D,80000,0,9913,3
Model X,201610,US,Cash purchase,90D,80000,0,9913,3
Model X,201610,US,Cash purchase,P90D,74000,0,9169,8
Model X,201610,US,Cash purchase,90D,80000,0,9913,3
Model X,201610,US,Cash purchase,P90D,74000,0,9169,8
Model X,201610,US,Cash purchase,90D,80000,0,9913,3
Model X,201610,US,Cash purchase,P90D,74000,0,9169,8
Model X,201610,US,Cash purchase,P90D,74000,0,9169,8
Model X,201610,US,Cash purchase,P90D,74000,0,9169,8
Model X,201610,US,Cash purchase,P90D,74000,0,9169,8
Model X,201610,US,Cash purchase,P90D,74000,0,9169,8
Model X,201610,US,Cash purchase,P90D,74000,0,9169,8
Model X,201610,US,Cash purchase,90D,80000,0,9913,3
Model X,201610,US,Cash purchase,P90D,74000,0,9169,8
Model X,201610,US,Cash purchase,P90D,74000,0,9169,8
Model X,201610,US,Cash purchase,P90D,74000,0,9169,8
Model X,201610,US,Deposit,P90D,74000,0,9169,8
Model X,201610,US,Deposit,P90D,74000,0,9169,8
Model X,201610,US,Deposit,P90D,74000,0,9169,8
Model X,201610,US,Deposit,90D,80000,0,9913,3
Model X,201610,US,Deposit,P90D,74000,0,9169,8
Model X,201610,US,Deposit,90D,80000,0,9913,3
Model X,201610,US,Deposit,90D,80000,0,9913,3
Model X,201610,US,Deposit,P90D,74000,0,9169,8
Model X,201610,US,Deposit,P90D,74000,0,21904,1
Model X,201611,US,Cash purchase,P90D,74000,0,21904,1
Model X,201611,US,Cash purchase,P90D,74000,0,21904,1
Model X,201611,US,Deposit,P90D,74000,0,21904,1
Model X,201611,US,Deposit,90D,80000,0,23680,1
Model X,201611,US,Deposit,90D,80000,0,23680,1
Model X,201611,US,Deposit,P90D,74000,0,21904,1
Model X,201611,US,Deposit,P90D,74000,0,21904,1
Model X,201611,US,Deposit,P90D,74000,0,21904,1
Model X,201611,US,Deposit,P90D,74000,0,21904,1
Model X,201611,US,Deposit,90D,80000,0,23680,1
Model X,201611,US,Deposit,90D,80000,0,23680,1
Model X,201611,US,Deposit,P90D,74000,0,21904,1
Model X,201611,US,Deposit,P90D,74000,0,21904,1
Model X,201611,US,Deposit,P90D,74000,0,21904,1
Model X,201611,US,Deposit,P90D;74000,0;21904,1
